,ID,Category,lat,lng
4,4f568309e4b071452e447afe,Housing Development,35.65608309,139.7340455
107,4b6f3ddff964a5208ce62ce3,Office,35.62312387,139.7491693
123,4c96f8a2533aa093e95ad645,Office,35.67304699,139.7599232
241,4d46e0591ed56dcb3f8aca54,Office,35.74225412,139.8105633
287,4b874392f964a5203cb931e3,Office,35.64024432,139.7459307
306,4cbe677719ceb1f7ce8f1dcd,Office,35.62540609,139.7420436
308,4b66914df964a52065242be3,Office,35.625393,139.742049
313,4b5d1cc4f964a5202f5329e3,Office,35.62759063,139.7419685
337,4b5538e6f964a52011df27e3,Office,35.70931543,139.7729781
363,4cff2e6e1ebe6dcbee0b8091,Office,35.70305806,139.774662
396,4daf823e5da3f2f3d2a82527,Office,35.64779322,139.6800732
411,4b56bd3df964a520f01928e3,Office,35.72989638,139.7474241
462,4ba9be42f964a5207e363ae3,Office,35.70036154,139.7504282
471,4b5ce00df964a520b54829e3,Office,35.68279486,139.6868733
474,4c73488f8efc3704ea62157d,Office,35.55480815,139.7403221
496,4f387173e4b0ea2d7efc515f,Office,35.6563722,139.6993375
497,4f6530a0e4b04d4b1657f0da,Office,35.70971184,139.6124519
518,4b7a3bbaf964a5200e272fe3,Office,35.66470567,139.7395062
527,4b5e2045f964a5200e7f29e3,Office,35.61907458,139.7305632
546,4b83544bf964a520ab0231e3,Office,35.6656039,139.7313015
577,4be76bcd9a54a59307ed0811,Office,35.62656595,139.7413945
584,4cdcd1ca7dc62c0f6d84e8f2,Office,35.65448718,139.7570795
588,4da2683922a5f04df4921055,Office,35.65823253,139.7085368
608,4e07f56dfa767637fd2e66f8,Office,35.65287337,139.6013352
616,4df066d8ae6066d602d5dfa8,Office,35.64906992,139.7526227
633,4c53e0211b46c9b6123fabcd,Office,35.69329525,139.6651393
635,4bbe873a006dc9b6f762fb3f,Office,35.699135,139.765247
654,4f4d1641e4b00b42c3ddbb00,Office,35.65265847,139.7441626
679,4bb1a29ef964a520f59c3ce3,Office,35.6887772,139.7350645
680,4b99dc94f964a520dd9435e3,Office,35.62560667,139.7406703
686,4deae5011fc7d5135cb4c99b,Office,35.66155366,139.7067515
687,4c6a01052c29d13af6df0c41,Office,35.67851152,139.787271
691,4b7e3467f964a520fde52fe3,Office,35.708582,139.7376028
696,4b5654eff964a520bb0b28e3,Office,35.64935432,139.7481108
697,4b57cc51f964a520a94128e3,Office,35.67125155,139.7470593
722,4b565e54f964a520790d28e3,Office,35.70839249,139.7395088
791,4ee6b3a2991194490328f3b8,Office,35.67985792,139.6363601
863,4e7febd3722eea96b85b304f,Office,35.67038112,139.6307718
867,4f643c28e4b036e3e7c47c56,Office,35.58675901,139.7061288
885,4d099da94abf721e15d2c45e,Office,35.6281768,139.7403221
890,4e6ff34bb9935ff0b517d453,Office,35.627918,139.7400127
915,4e3267f318a846d7ed073640,Office,35.68977816,139.710465
963,4e3373e3a809117a228b44d2,Office,35.734536,139.841174
1030,4c074a85b4aa0f47ae776562,Office,35.62791765,139.7764671
1040,4c7db664d65437048d67c1a2,Office,35.62421568,139.6278781
1069,4bf353b2e5eba593857e1e90,Office,35.62237989,139.7274551
1070,4b5d14c9f964a520b65129e3,Office,35.694153,139.687614
1128,4bdf9ada89ca76b046c15d5e,Office,35.69031737,139.7729883
1155,4bbbede9e4529521806b55a4,Office,35.62666624,139.7403699
1167,4e42597762843d3dc35c8e06,Office,35.655953,139.696695
1171,4b60fbaff964a5209a042ae3,Office,35.57288495,139.6652412
1186,4d0ad28f78938eec21589336,Office,35.57390595,139.6658421
1192,4c2e8b3e16adc9287b1fbc9c,Office,35.65785416,139.6978569
1213,4c2076bd8b3aa59362f79e5f,Office,35.57718062,139.7155438
1220,4ca5144544a8224b53aff63f,Office,35.60987928,139.7492507
1222,4be0f2b15567a59345f80b02,Office,35.57876644,139.7493553
1237,4dccb00422718eed7a0d546d,Office,35.69828795,139.745252
1253,4c74b1e5b474a1cd6c65b7bf,Office,35.725092,139.712994
1277,4f4f10d2e4b0e52480d35598,Office,35.67913596,139.7705269
1325,4b8f2f39f964a520c34c33e3,Office,35.6230549,139.7506764
1343,4b863862f964a520108331e3,Office,35.70356397,139.4743292
1455,4ba98de8f964a5202b2e3ae3,Office,35.62803148,139.7159179
1487,4bbac8b753649c742f7249fb,Office,35.69988237,139.7724139
1495,4b28b233f964a520b39424e3,Office,35.66490615,139.6960759
1520,4b57ce45f964a520f84128e3,Office,35.68792323,139.6948045
1741,4b552d87f964a520d5dd27e3,Office,35.69115171,139.7569782
1776,4e8a58fe9a524097dc184b6e,Office,35.65630329,139.754634
1796,4b541445f964a520acb127e3,Office,35.62359075,139.7496933
1799,4b83b5f5f964a520c90d31e3,Office,35.64587567,139.7091007
1874,4e3a6ebb2271ead2c0efd920,Office,35.67038995,139.7071255
1935,4e13d760227146630ab7d8db,Office,35.69184009,139.7103935
1944,4f7c06f6e4b02cdb82a86cd6,Office,35.62476186,139.7382614
2044,4bcba2d8937ca593d90aaa92,Office,35.79710924,139.6017051
2125,4da6c5246e81162ae784a0a1,Office,35.65860384,139.7081298
2146,4c3e4c30ca012d7f8f532fbe,Office,35.67935688,139.7795141
2208,4be905e0c5220f47256aaaca,Office,35.67860793,139.7616864
2234,4c3c049686ce328f0241ab2d,Office,35.62678833,139.632926
2240,4da3cb3f63b5a35d1db5191a,Office,35.60303397,139.5528996
2433,4f18f97c754afbc24010d083,Office,35.66073736,139.6994796
2535,4b5bf650f964a5202c1f29e3,Office,35.66017643,139.7302888
2696,4b1c8314f964a5200a0824e3,Office,35.69917443,139.772559
2712,4c07717a8a81c9b695382790,Office,35.68377742,139.7821292
2756,4b7a5e91f964a520d02a2fe3,Office,35.72908591,139.7190202
2758,4b568a40f964a520851428e3,Office,35.6866074,139.6889305
2913,4cad5b952303a143b5c1e5f0,Office,35.70293391,139.7407562
3009,4bf21c72189f0f47880fb862,Office,35.66086,139.7516033
3027,4c46a951417b20a1a44bdba9,Office,35.63024,139.742777
3062,4b5a1843f964a520cfac28e3,Office,35.67470295,139.7066224
3075,4b812ce2f964a5205f9930e3,Office,35.7310438,139.6978109
3127,4b591afaf964a520c87c28e3,Office,35.70730088,139.7947933
3128,4c54e77172cf0f47229246d5,Office,35.65640446,139.7960023
3165,4c318f9b213c2d7f0e2c345d,Office,35.67828528,139.7672521
3256,4b54efd5f964a52011d427e3,Office,35.58041957,139.7552579
3292,4eb903c361af0dda91da37a6,Office,35.65747561,139.7029816
3331,4d7944a11623a093c63d716e,Office,35.58070766,139.7553028
3347,4b616595f964a52025122ae3,Office,35.6552411,139.6937585
3369,4f7d74334fc677cf994b9259,Office,35.70148111,139.7759414
3495,4cfd89b8d7206ea858bd4969,Office,35.66988845,139.7580678
3646,4ddbb915814d62912d6606ef,Office,35.64633787,139.5296288
3858,4b54fe5df964a520ffd627e3,Office,35.66730317,139.7277743
3878,4b8648f7f964a520ab8431e3,Office,35.66536813,139.7113538
4112,4b3f1743f964a520eba325e3,Office,35.65815055,139.6985221
4220,4b57d0b0f964a5206d4228e3,Office,35.67176578,139.7345978
4372,4f3502d5e4b0c484791901da,Office,35.70023956,139.7702202
4523,4f33ccdbe4b00105522a3ebf,Office,35.7035504,139.7447281
5105,4e8d78ea77c8aa870707dba6,Office,35.653953,139.705662
5231,4ed493b6469098aeff1b2491,Rental Car Location,35.57736027,139.6607015
5249,4bfc38dce05e0f47d05ccfa8,Office,35.67904314,139.721337
5346,4b833510f964a5206dfd30e3,Office,35.67131256,139.7533035
5361,4e78fe3a45dd3e75454c2add,Office,35.69905898,139.7528529
5420,4f25e175e4b063d40205d0d4,Office,35.6190339,139.7348687
5422,4b73346bf964a520c3a12de3,Office,35.56114366,139.7181623
5429,4b5e908bf964a520ac9229e3,Office,35.63974189,139.7221684
5430,4b599e28f964a5202c8f28e3,Office,35.6827295,139.7788489
5501,4b5a66dbf964a520c5c228e3,Office,35.73212596,139.7484004
5515,4e2e3a1daeb7e1b8af998e18,Office,35.65931204,139.7296303
5562,4c3e7a48db3b1b8dae916595,Office,35.62853245,139.7778243
5702,4f26965ce4b0dc27bb89c8d4,Bike Rental / Bike Share,35.83218518,139.7359413
5725,4ba99aa8f964a520b3303ae3,Office,35.67382133,139.7836876
5729,4e85ed76f5b92dd4983a21da,Office,35.67141715,139.7528315
5744,4f4d13f0e4b087ae22ad8504,Office,35.5890003,139.6818278
5750,4c3d0cfdb36ac92863010586,Office,35.64879,139.636236
5776,4b78b19bf964a5202cde2ee3,Office,35.6422748,139.7134513
5790,4b551788f964a520e4da27e3,Office,35.66456621,139.7394848
5808,4c4e4856d667d13a4dd426a0,Office,35.55214791,139.6471846
5825,4d991ed7744f370456af0058,Office,35.6736423,139.7389948
5830,4e5ee4a5b0fb27e2bd406887,Office,35.65199492,139.7541249
5856,4ee6a9d9e4b06ce6740a0b71,Office,35.64076921,139.7536758
5887,4b943c1af964a520527034e3,Office,35.534771,139.699646
5942,4bcf0457ef109521fbee8486,Office,35.67936559,139.7356546
5996,4bd138f9caff9521ad70d0f0,Office,35.60826341,139.6704769
6049,4b57c4acf964a520154028e3,Office,35.67653479,139.6747749
6203,4e4900ea52b1bac0d996f10e,Office,35.71500063,139.7016403
6264,4ec23730be7b04923d7fb511,Office,35.692862,139.738802
6274,4f476b4de4b0b0b998ddc18a,Office,35.68900692,139.7362706
6292,4b67a79df964a520ac592be3,Office,35.67866839,139.7870564
6355,4eea95c9775b8c899d083d5b,Office,35.67625392,139.7775263
6402,4b738dc9f964a520c3b32de3,Office,35.65611504,139.7565705
6443,4f73bbd1e4b0ae979e71faed,Office,35.70148982,139.7759414
6461,4b63b8dcf964a520338e2ae3,Office,35.66571127,139.7315759
6481,4e326f5fd22d630c23d20b00,Office,35.689098,139.710893
6622,4ba0c7bbf964a520297d37e3,Office,35.66299721,139.7613287
6694,4f84127ae4b07f5e774086f4,Office,35.63188781,139.713095
6793,4b5419f4f964a5203fb227e3,Office,35.63377742,139.7158132
6895,4bf96499c07c9c746206bcef,Office,35.65048333,139.7028083
6898,4b5ce29af964a520474929e3,Office,35.65559403,139.7967964
6908,4d23dd82dcf4224bd7699f76,Office,35.68942693,139.7067994
6921,4e1f80e61f6effe84f5d6323,Office,35.69334317,139.6929216
6928,4b601df5f964a52056d629e3,Office,35.68393646,139.7668809
6941,4b71e922f964a5209d632de3,Office,35.68105628,139.7625679
6993,4b8cc857f964a52004dd32e3,Office,35.66728573,139.7507501
7002,4b557506f964a520cfe427e3,Office,35.6710056,139.7185215
7060,4c175d6259cc2d7f8f785287,Office,35.70411225,139.7639894
7065,4f84fc9be4b0f1893694d346,Office,35.661234,139.723293
7068,4b702cdcf964a5202a0a2de3,Office,35.66431996,139.7622836
7102,4b8cdb31f964a52010df32e3,Office,35.64279946,139.7128606
7154,4f7d22e6e4b08ccdc5bc19a6,Office,35.71634643,139.8598336
7183,4caaa7f936fa6dcbc373d278,Office,35.55406059,139.7403619
7200,4b5469e4f964a5205cba27e3,Office,35.68807137,139.7869036
7245,4d64514f897a224b1a5b1fcf,Office,35.62272438,139.7503638
7277,4b78cb1cf964a520a0e22ee3,Office,35.70169707,139.6888566
7323,4c74d2593adda14316a805af,Office,35.65594504,139.7521877
7328,4befa1242ff520a167cee8a2,Office,35.678878,139.706135
7332,4b83aa26f964a520250c31e3,Office,35.69600072,139.6893919
7334,4c35b4b43896e21e8a8aed90,Office,35.64608979,139.706921
7369,4b5fdbd8f964a520face29e3,Office,35.657331,139.782298
7370,4e7aad4c7d8b199a90349d7a,Office,35.69599637,139.6985811
7427,4d6558cf36a96dcbf65e5bf4,Office,35.64783734,139.790892
7456,4e5df7c3fa768fe5f2c0b90c,Office,35.69043945,139.7787046
7472,4c2ade06d1a10f47ef25f764,Office,35.677116,139.773342
7634,4ea9439adab48888111b6ad0,Office,35.66794675,139.7149005
7690,4d70974486aa6dcb5eb3f4a7,Office,35.66185966,139.7574717
7702,4f4cdd34e4b0acb466d984a3,Office,35.6715566,139.7807157
7708,4dbd002d43a1d8504b9ba4d0,Office,35.74568,139.7297
7754,4cd63d62a42b236a660bf508,Office,35.70050965,139.7534296
7802,4cd4ca6767c7236a227c0f77,Office,35.655212,139.762435
7808,4ebf5a195c5c3d470c8d20e4,Office,35.62741053,139.7393241
7828,4ca19f0e79d9b1f725f7c099,Office,35.6457521,139.711037
7846,4b592dedf964a5204f8028e3,Office,35.67425951,139.7620508
7862,4d4cb4bb72eba143a7423a12,Office,35.695323,139.6901053
7869,4b57c36bf964a520d73f28e3,Office,35.68814979,139.7148299
7871,4c80bf182f1c236afd252943,Office,35.67390984,139.7411048
8030,4da5217f0cb635c4a588d9ee,Office,35.64620698,139.7449431
8079,4ba99b4cf964a520d0303ae3,Office,35.62268169,139.7372685
8111,4ee03574c2eec58c03201688,Office,35.63147121,139.7141111
8210,4eb9c97fb8f765de71d8e058,Office,35.62590317,139.7273451
8222,4c652bfbf67ec92873cf5627,Office,35.65764494,139.7004104
8244,4be8f9019a54a593f59c0a11,Office,35.79615636,139.5990551
8250,4b5e3836f964a520788429e3,Office,35.62740169,139.7415096
8257,4b5ef1b4f964a520039f29e3,Office,35.62679705,139.774375
8279,4c7370957121a1cd863f65d1,Office,35.70300579,139.7434813
8302,4d897ad299c2a1cdfb9d7cd7,Office,35.68452686,139.7862867
8327,4b8c75daf964a520e9d132e3,Office,35.67309928,139.7407722
8379,4e1d10bf52b1944a82863bde,Office,35.69799,139.699203
8415,4b725022f964a52077772de3,Office,35.67253232,139.724017
8419,4f86a039e4b078b17b51d662,Office,35.660269,139.709093
8436,4beba49f62c0c9288669e2d4,Office,35.66571341,139.6930394
8524,4b62bbfbf964a520ab502ae3,Office,35.63196188,139.7132596
8649,4dbb513843a1d8504b6d1a91,Rental Car Location,35.78736202,139.614548
8665,4b5503b8f964a520e0d727e3,Office,35.61922799,139.729746
8674,4ba0299cf964a520ae5e37e3,Office,35.70432551,139.6237748
8686,4d6e34c330d5b1f7ce76c342,Office,35.70272699,139.7515815
8887,4e5d87d2483b18585975de48,Office,35.64513785,139.7005445
8892,4df5d25dfa76abc3d874653f,Office,35.61995973,139.7512329
8914,4b67bd21f964a520695c2be3,Office,35.6861,139.743015
8918,4ca5b396931bb60c86008ce2,Office,35.68096913,139.7068369
8925,4c805a2251ada1cd9a5a0910,Office,35.71030861,139.736934
8929,4c805ce347cc224b5dcd729f,Office,35.7091067,139.7377175
8936,4d058c2326adb1f7ec7ed870,Office,35.6653321,139.7596799
8948,4b568855f964a520341428e3,Office,35.63119216,139.7436261
8981,4b567de8f964a520c41228e3,Office,35.66958244,139.7403538
9056,4b7b8868f964a5207f662fe3,Office,35.67682078,139.7673583
9076,4dedfedcb0fb43a756e8764f,Office,35.69852314,139.7454822
9154,4b6ac22ef964a52023df2be3,Office,35.626627,139.7403914
9232,4b5af479f964a5201bdc28e3,Office,35.69570622,139.7310841
9256,4eb0b1040cd6283498f3460f,Office,35.65584043,139.7004265
9262,4b53cb54f964a5208dab27e3,Office,35.60999921,139.7487652
9273,4d2af857d86aa090b94a22c0,Office,35.68731195,139.6946498
9274,4e783ecf18387f86598ac2b3,Office,35.687611,139.76514
9309,4d070b389d33a143ded2c978,Office,35.66937876,139.7438947
9341,4c0ca49fd64c0f47d385255d,Office,35.6871751,139.6919625
9357,4f17cebfe4b0ebf9e40794b5,Office,35.68125875,139.7676565
9378,4b5d2163f964a520d45329e3,Office,35.68057043,139.7790286
9394,4b9ed57ff964a520280537e3,Office,35.58253596,139.6422386
9403,4b88e099f964a520981132e3,Office,35.7013791,139.7814191
9406,4bb55d7f1344b713da469c04,Office,35.67217609,139.7475974
9471,4b57f480f964a520334728e3,Office,35.68896019,139.7629058
9572,4b961784f964a5207dbc34e3,Office,35.64599362,139.7110552
9611,4dfaae1b18a8fc7fb43da87b,Office,35.65640707,139.6995521
9834,4c8eb8ddad70a14379068c0f,Office,35.697932,139.52369
9857,4bb453acf187a593551114f8,Office,35.6809106,139.764906
9860,4b60f5b1f964a52095032ae3,Office,35.69877146,139.5602864
9871,4d37c2fe3d958cfa8f3bac71,Office,35.639527,139.7404119
9876,4b9edf7cf964a520a50737e3,Office,35.57761898,139.6578866
9898,4bf3d9ad706e20a18b9aa898,Office,35.66768668,139.7156346
9934,4e3c53ec81dc6ce0fac7cbfc,Office,35.62613427,139.7967553
10063,4b5651cbf964a5200e0b28e3,Office,35.69435392,139.7602558
10071,4f41a57de4b0f9f81abdc8c6,Office,35.67094859,139.7267569
10084,4dce088fae603b786d2644ae,Office,35.6222826,139.7272158
10477,4b5704aff964a5200e2328e3,Office,35.75330781,139.5951182
10666,4ba4b5edf964a5202fae38e3,Office,35.70309391,139.7330177
11138,4f63172ae4b0777dfb0963fc,Office,35.57433346,139.7156735
11267,4bacceebf964a520f60d3be3,Office,35.697463,139.666007
11307,4d5f67f95c39b1f739baf749,Office,35.691796,139.701417
11611,4c0d8f2c336220a171f5ca77,Office,35.66317916,139.6949789
11766,4bb9a0a7cf2fc9b68aa7a002,Office,35.63260047,139.6214569
11901,4bfc96134cf820a15e5aebf4,Office,35.66190848,139.7247016
11940,4bc9ab9d3740b713b5085f65,Office,35.70204559,139.6477701
11971,4b5d2402f964a5203a5429e3,Office,35.66424369,139.7666502
12106,4e548e63d4c0fe03427bd0fe,Office,35.6837734,139.7677214
12116,4bba585c3db7b7133130239a,Office,35.6866989,139.703401
12133,4e391cf5483b6aaecd5ef5ca,Office,35.679015,139.734875
12153,4b5eccb5f964a520199929e3,Office,35.65679936,139.7571445
12158,4f29dc7ce4b0ba948776158d,Office,35.701623,139.752744
12163,4bac3004f964a520f7e93ae3,Office,35.68726967,139.7001582
12164,4dc78aa87d8b14fb465d14d4,Office,35.67187958,139.7375828
12197,4b14d1e9f964a520caa623e3,Office,35.66046931,139.7292709
12204,4ec30a1502d5226e6e8cab0f,Office,35.65942401,139.7280938
12225,4f8e2d54e4b0d35b7fda6c8d,Office,35.646727,139.7401
12226,4b318e36f964a520f50825e3,Office,35.64632462,139.6808209
12280,4b5ecd28f964a520269929e3,Office,35.65528033,139.6938524
12354,4eafa3e0f5b99d242632c001,Office,35.65605486,139.7045623
12363,4f30a1a1e4b013bb064ebb83,Office,35.69131291,139.7391522
12393,4b6a3a3ff964a52017ce2be3,Office,35.67472909,139.7596121
12405,4f8f6a7be4b060f54c26bd93,Office,35.73016479,139.7215042
12419,4f41ae55a17cf53abe6a91eb,Office,35.66713611,139.7139689
12467,4c7b6f4dbd346dcb8434fbef,Office,35.61718626,139.7798145
12537,4b6b938ef964a520d8102ce3,Office,35.69769977,139.7517049
12603,4f7d259ee4b062316a9d4c06,Office,35.646057,139.742569
12624,4e346e15bd4179f99f721f57,Office,35.66043809,139.7286226
12638,4e7ee16a2c5bd48c24c04a2e,Office,35.80337284,139.5511647
12701,4c9c50e49c48236a37174dee,Office,35.64662547,139.7475529
12729,4d912859270e6ea859514eff,Office,35.69972271,139.7510058
12750,4e433fc052b18fcc798cfcd2,Office,35.66273982,139.7612272
12751,4b6a0d31f964a5205bc42be3,Office,35.66303643,139.7612911
12843,4b73a1dff964a520a8b62de3,Office,35.65961286,139.7436771
12883,4f444e81e4b0f1d45cb60420,Office,35.64374067,139.709584
12888,4b56ca5af964a520491b28e3,Office,35.6568691,139.7593653
12940,4f4cdb7fe4b082dc5b03c50b,Office,35.57576794,139.7121772
12971,4c6a15f62c29d13ae0100d41,Office,35.79705505,139.5205649
12992,4f5964e6e4b0357e5cb71431,Rental Car Location,35.65410286,139.7450075
12994,4cb86053a33bb1f7427980fd,Office,35.6742338,139.7766725
13019,4d340d2d98336dcb2fc933f0,Office,35.67281603,139.7821587
13143,4b6c14e7f964a520da222ce3,Office,35.67380993,139.7100195
13188,4f2b7a41e4b03d6f92286c01,Office,35.5226992,139.7320948
13207,4c7dc1ba5af8b60cfabe9010,Office,35.70525355,139.7451657
13220,4ebcaa24e5faed97beb48b9e,Office,35.665203,139.784492
13245,4dc344d31f6ef43b89df9d06,Office,35.67968138,139.7802474
13248,4d38e2e1c52854814b97ddb9,Office,35.69504904,139.7769022
13256,4f6aa47fe4b0454e84960074,Office,35.69226525,139.7688545
13394,4b4bfbe4f964a52098ac26e3,Office,35.66434176,139.762238
13400,4f17b4c2e4b0fc8452a990bc,Office,35.69771576,139.7051086
13412,4cf8694bd1dd721ecb0aa39b,Office,35.70482706,139.5967657
13420,4bbd7bb98ec3d13a522b1c28,Office,35.66957705,139.7420036
13424,4bc94171937ca593f49fa592,Office,35.76263933,139.8641485
13451,4ec1d4bbf5b9abc8bcd7d4dc,Office,35.628957,139.725723
13465,4d847c097e8ef04d01f60bbe,Office,35.701281,139.7481477
13477,4f90fd3be4b0d7edb458f5c6,Office,35.60609539,139.7254
13487,4e8d368ef790e886ade2a1c6,Office,35.70270521,139.7427785
13495,4b963710f964a520ecc034e3,Office,35.69071167,139.8210025
13520,4f910c48e4b0b77fb83dad29,Office,35.69427381,139.7962121
13536,4b8b7adaf964a520a0a032e3,Office,35.67852023,139.7414911
13738,4b5f9769f964a52062c329e3,Office,35.68377595,139.7709862
13785,4f9141c7e4b0ad2455a4eaa9,Office,35.68031847,139.7016004
13897,4b5ac777f964a5203fd428e3,Office,35.61798429,139.7750777
13941,4f6b20cee4b0357123f90d02,Office,35.66716371,139.7139072
13959,4b5ead69f964a520a29529e3,Office,35.59433201,139.6207595
14051,4ed87fbd5c5c96a2fbeb2677,Office,35.70179537,139.6958314
14126,4d9aee03b4fa37047e1e900d,Office,35.66791295,139.819635
14180,4b7cc21ff964a5205fa42fe3,Office,35.66830156,139.748301
14219,4b57c1dbf964a5208f3f28e3,Office,35.78015069,139.6114213
14331,4db50b3ecda1c57c82675b52,Office,35.65670346,139.7020841
14511,4b94ebd7f964a520e58734e3,Office,35.62788713,139.7407132
14632,4f1516ebe4b0380206500561,Office,35.68499163,139.7646564
14715,4d7700ba79cf6dcbf2fb3bef,Office,35.66552176,139.6634254
14727,4f5adeabe4b026f4c4d45676,Office,35.66151202,139.7030564
14873,4b592f92f964a520968028e3,Office,35.66046059,139.7292924
15149,4b542b2af964a5209fb327e3,Office,35.6786673,139.7673449
15232,4c8970811eafb1f7a0a67135,Office,35.66377601,139.6961854
15349,4ce2270278ddf04d6f5daf98,Office,35.68578826,139.7340345
15419,4e3cb4f4d22d102e8538ae74,Office,35.662737,139.697152
15437,4e86aff02c5bbdfc6a5565d5,Office,35.70182991,139.6959212
15523,4ca4109ca73cb60cb2691e78,Office,35.72571368,139.7134691
15834,4f13d174e4b0960d012bc93f,Office,35.66825392,139.7688396
15890,4b7910faf964a52093ea2ee3,Office,35.716013,139.64677
16063,4b622d69f964a520633a2ae3,Office,35.66701989,139.7786933
16064,4c245ea7a852c928650ee36c,Office,35.54479789,139.5707846
16068,4c03771cf423a593214cd016,Office,35.78878526,139.710297
16081,4b7c927df964a520b99b2fe3,Office,35.62956898,139.7786097
16086,4d2fb31396fe6ea8b39d0e44,Office,35.685964,139.736461
16099,4e70c80e483b9778fd68c2bb,Office,35.63025986,139.738426
16136,4d900e99c1b1721e2f405446,Office,35.68773078,139.5721074
16222,4e151b97483b0d8571ceb5e3,Office,35.696143,139.762769
16230,4b88a9d2f964a520750732e3,Office,35.65336462,139.6898961
16258,4f62cd9de4b0cded5af58f2e,Office,35.68757041,139.7433558
16278,4b60fc6cf964a520bf042ae3,Office,35.6878143,139.762246
16284,4b7298f9f964a520f57f2de3,Office,35.677118,139.711928
16286,4bd527b029eb9c7409fe92e1,Office,35.69833146,139.7465551
16288,4e1252df22713f7d7bd928de,Office,35.61746971,139.7284073
16313,4db62ee6fa8c3502410b9191,Office,35.70102818,139.7079882
16351,4d3d036444f5a093babfd1bb,Office,35.70217079,139.7681007
16377,4bbd4159078095211c76da91,Office,35.67382186,139.7446482
16385,4e54c2ead164a1ac2f389df3,Office,35.65892638,139.703511
16426,4e5b35111f6e804280dcb1e7,Office,35.70935164,139.7032908
16466,4b851ea5f964a520c94c31e3,Office,35.6659965,139.7314861
16507,4b8db0b1f964a520c70833e3,Office,35.647522,139.731009
16652,4b7b316cf964a520ff562fe3,Office,35.641548,139.74151
16654,4cfd9828c51fa1cdfb09f22b,Office,35.66847,139.726941
16670,4eab640130f823f86e4c6b38,Office,35.66104463,139.7242378
16680,4bac6434f964a5200df33ae3,Office,35.69059299,139.727999
16682,4b568636f964a520f31328e3,Office,35.67483506,139.7517094
16689,4d6454067f84f04d0787f4b4,Office,35.53091657,139.6947455
16736,4b591c74f964a520187d28e3,Office,35.67187473,139.7407883
16790,4b55513cf964a5207ce127e3,Office,35.70043995,139.7504336
16828,4e783f341f6ecf8d36711495,Office,35.68501269,139.7339058
16852,4f9635abe4b0e750a180652b,Rental Car Location,35.68810022,139.6862942
16892,4ebdc0ac9911a2ec5b100d19,Rental Car Location,35.694093,139.772365
16897,4b7b8c72f964a52009672fe3,Office,35.67478139,139.6917093
17033,4c7dc5269221236aa570803d,Office,35.62511394,139.6275723
17103,4ecc8f516c25f61c31fcb641,Rental Car Location,35.78225774,139.7013974
17158,4dba7268a86ede8c0f9a9c28,Office,35.719577,139.812578
17247,4f46587de4b01fefa0ddab92,Office,35.68984499,139.7147359
17303,4c4fa5052ba0ef3b52e82fe8,Office,35.58034931,139.665098
17496,4b55605df964a520c7e227e3,Office,35.71816389,139.7274417
17505,4b5e34d0f964a520ae8329e3,Office,35.66404209,139.7584122
17517,4b99ceb3f964a520b89235e3,Office,35.66325871,139.7595263
17528,4f98ad8ce4b0f8d4542c1810,Office,35.661371,139.757047
17582,4b5936a5f964a5209b8128e3,Office,35.6596499,139.7453213
17609,4dde027cd1641542183992b8,Office,35.65086039,139.6900785
17643,4e3cac5d15207627e179f6ef,Office,35.85894503,139.6567333
17680,4b5982b0f964a5209f8a28e3,Office,35.62462092,139.7390248
17682,4ef1371ce300ea1de6c27715,Office,35.58787607,139.7276099
17770,4f66dab7e4b0ce431f4d130a,Office,35.77338528,139.6886871
17781,4e49ea5b483b16676e38fb76,Office,35.664179,139.761682
17819,4e7fe06e469005207438cf8e,Office,35.71940358,139.7126661
17820,4f6ff834e4b09e7356e7bd11,Office,35.68869997,139.7733126
17821,4e9637b230f8fb103d0ea31d,Office,35.62189632,139.7389178
17825,4f9907a9e4b0b41ef3307559,Office,35.65888829,139.7028619
17828,4b557494f964a520c1e427e3,Office,35.66494437,139.7594952
17835,4d4f9e9d9ffc236a28c510a7,Office,35.678739,139.779485
17904,4b571c36f964a520d02628e3,Office,35.71014527,139.8006392
18093,4e56efbba8099c9a1b265276,Office,35.72102967,139.8185563
18110,4b628bbcf964a520f14a2ae3,Office,35.67082447,139.7239494
18152,4bfe3d14f61dc9b65d23a0de,Rental Car Location,35.6824332,139.7883868
18423,4b5e64e7f964a520e88c29e3,Office,35.668813,139.7549694
18424,4f8b73a8e4b0e81f69538112,Office,35.64901961,139.7525179
18577,4eae4c7582315d0ca5f3299f,Office,35.70119825,139.7513352
18597,4e532d45483b944199db6f8d,Office,35.67044987,139.4770497
18792,4e35ee6c483bf3839a34a225,Office,35.65390512,139.6940374
18796,4bf8be085ec320a1325989d3,Office,35.71777,139.765071
18839,4df752a452b10928a7e7cf73,Office,35.68696468,139.6645868
18891,4c05f49791d776b07335f8f9,Office,35.671568,139.766906
18920,4c903b30160ea0938f3fd5fc,Office,35.62683094,139.632764
19126,4cb43e57ef1b370417225700,Bike Rental / Bike Share,35.66677365,139.6321213
19176,4e424a9b62843d3dc35c0ee7,Office,35.68234058,139.7635882
19453,4b592115f964a520177e28e3,Office,35.67905403,139.7430146
19492,4dd1f8e7d16465f3f9486c13,Office,35.69863314,139.7707116
19601,4d6c78de369ba0936452c84c,Office,35.69643782,139.682406
20227,4c7f6dc92042b1f798cfc2ad,Office,35.67005964,139.7627476
20247,4ddc8b781f6e54b34d8d5278,Office,35.69583771,139.6895944
20272,4b9d84fbf964a52096b136e3,Office,35.61995304,139.7513551
20282,4b53bff5f964a52038aa27e3,Office,35.67665104,139.7333919
20328,4ca2f0701ee76dcbd5edf4dd,Office,35.67243767,139.7251007
20426,4bb17a3cf964a520eb953ce3,Office,35.64776759,139.7986007
20434,4e16d8d8aeb7e76b4f216564,Office,35.64646853,139.7105169
20451,4fa0c5fae4b0ac13ae4de191,Office,35.67502577,139.7713706
20487,4bac1c32f964a520eee43ae3,Office,35.79687817,139.5991052
20551,4d9de1977865a093caf5f17a,Office,35.68725224,139.7192287
20566,4b6b6f0ff964a52088082ce3,Office,35.62625636,139.742049
20713,4b97bad7f964a5203d1235e3,Office,35.686332,139.695657
20750,4d198f6f85fc6dcbc982be4e,Office,35.80684,139.576949
20835,4b7930dff964a52075ee2ee3,Office,35.6847164,139.7439158
20911,4dc34185ae608779d104c059,Rental Car Location,35.651798,139.548323
20938,4d64a255cf2bb60c49ea9dbc,Office,35.68863703,139.695864
21043,4b5aa99cf964a520e8cf28e3,Office,35.69565655,139.7575146
21072,4d2521e63574a143b58c4bd1,Office,35.65641452,139.7589462
21085,4b56a09df964a5200f1728e3,Office,35.69415184,139.758497
21242,4bdee6c417fdef3bc1ac4e36,Office,35.69993026,139.7710168
21481,4fa3c4b3e4b0217536cbb5cf,Office,35.67773796,139.7646115
21539,4fa40d1fe4b0862c73f7338f,Office,35.70552081,139.747807
21558,4cdf3dac3644a093dc5c519f,Office,35.6421244,139.7482556
21599,4cc19706967d548149a27857,Office,35.68874234,139.698443
21619,4f41d29ae4b0e9ea7ba8316d,Office,35.57535344,139.7076966
21684,4e89605249011eef29ba4ea5,Office,35.69793938,139.7721621
21821,4eb27866722ead5ebf39db13,Rental Car Location,35.65891766,139.7546929
22246,4daa62e1fa8cc764973480de,Office,35.70207708,139.7808865
22260,4e72886014955a8f57e87edc,Office,35.66283159,139.6946168
22384,4c4e95780d90b7131494c878,Office,35.6304117,139.7423708
22464,4f336d63e4b063260b88fa49,Office,35.63034761,139.7449875
22504,4f06a264e4b0596c8cc5ab54,Office,35.71015,139.813701
22549,4fa761c5e4b089a95bb7c3df,Office,35.693159,139.77188
22555,4cf275011457a0903aa046c6,Office,35.5522873,139.7406115
22593,4b582490f964a5200f4c28e3,Office,35.67132127,139.750793
22598,4b7a18faf964a520de222fe3,Office,35.64330105,139.7464646
22646,4f703633e4b08d8da8455215,Office,35.68290623,139.7406414
22668,4e143757d16447c40d15e0c2,Office,35.57716086,139.6587557
22716,4b56579cf964a5204c0c28e3,Office,35.65702352,139.5476086
22831,4e3bfc297d8b0e96105516e7,Office,35.67945397,139.7800627
22939,4b5656eff964a5202c0c28e3,Office,35.55856425,139.7139129
23088,4b70eea4f964a520c9342de3,Office,35.68682961,139.7669023
23093,4b625677f964a52010432ae3,Office,35.65968714,139.7529621
23117,4eecbbb90039cff10441a936,Office,35.71687796,139.6921586
23158,4c23d9ffc11dc9b6bf842424,Office,35.67804067,139.7651456
23202,4fa1e560e4b04db7bd659270,Office,35.69782888,139.7063176
23215,4f614034e4b0deb11b2adeab,Office,35.58667477,139.706921
23224,4cc5dcc54935bfb7230fd1d8,Office,35.66927523,139.7421732
23261,4c47bdf6972c0f47a1f42421,Office,35.6754808,139.7355446
23264,4d95297997d06ea8a8cce50a,Office,35.59893391,139.650532
23347,4cb2b584aef16dcbba5bc354,Office,35.75055423,139.7650907
23412,4b56e07cf964a520d51d28e3,Office,35.623622,139.727801
23563,4b7376c4f964a520ceaf2de3,Office,35.65606273,139.6810073
23571,4bcfddbba8b3a5935c14635f,Office,35.62385129,139.7269564
23584,4b5502c8f964a520bed727e3,Office,35.65636348,139.6995118
23604,4c47a34e76d72d7fa3f73d4d,Office,35.527567,139.6941839
23608,4e6d8233a8093d29fee01197,Office,35.703317,139.65023
23610,4b6f953ef964a520d5f62ce3,Office,35.68350509,139.688099
23612,4c46908649fa952105e65562,Office,35.65821517,139.7084769
23616,4b591f62f964a520b77d28e3,Office,35.66992276,139.745741
23657,4c4e753351c2c9285e20629e,Office,35.68894879,139.6826652
23658,4ef810cb0aafbcb31cf09f95,Office,35.71039082,139.6846542
23660,4b568b9af964a520b11428e3,Office,35.66905948,139.7424513
23755,4beb66876295c9b69cc28708,Office,35.6791421,139.741295
23790,4eeb196202d5c4fc497d1a1a,Office,35.62634989,139.7414747
23800,4c3aa0a762f1c928f75f8e53,Office,35.69587,139.773549
23806,4bb535feef159c74337674f7,Office,35.668261,139.7531542
23849,4f1e35a0e4b00eb69c1c751a,Office,35.68430982,139.7198981
23868,4bfdfbcfe529c928c7cdbb8c,Office,35.536011,139.700119
23880,4d9bb8b7b2aaa09330387782,Office,35.64381805,139.7422743
23905,4e5c9c55ae6015fd0da06ff5,Office,35.66226936,139.7601244
23939,4bb45dd0643cd13a0fa0395c,Office,35.60983173,139.747777
23948,4f58aecee4b0bd48432b620f,Office,35.70825878,139.741809
23949,4d75e3c9ec646dcb6a4bf310,Office,35.65877383,139.7052544
23978,4b56c669f964a520ed1a28e3,Office,35.64962459,139.756549
24063,4f419741e4b0daed4410bbcc,Office,35.68920301,139.7357118
24077,4b5ea276f964a5207a9429e3,Office,35.644502,139.734571
24194,4b95d47af964a520d9b434e3,Office,35.66479175,139.7432178
24303,4b7131bef964a520103c2de3,Office,35.69008863,139.7452837
24344,4b565534f964a520c90b28e3,Office,35.59848539,139.7059736
24408,4e8904258b81c0baf5d7d57f,Office,35.66955194,139.7399783
24456,4bc2968d74a9a593b294d3f6,Office,35.68256228,139.7380156
24725,4b78f4d8f964a52052e72ee3,Office,35.665231,139.709271
24798,4b84933bf964a520763c31e3,Office,35.663937,139.762272
24835,4efad84ae5fa4f286e639218,Office,35.7009431,139.7706091
25396,4cb20bed6c269521b7d4b8d9,Office,35.68862126,139.704303
25565,4c885e4b7223b1f7c3552ba8,Rental Car Location,35.659802,139.668696
25578,4bdc54a9a6fdef3b26341547,Office,35.71272766,139.4787238
25701,4bf8b5925317a593a659007f,Office,35.684019,139.737669
25707,4e5d67dc2271162c8fcd8534,Office,35.69455463,139.7371986
25727,4e27c9991f6e88a1545bd942,Office,35.71131471,139.7308289
25809,4bc5c1110a30d13a1f645a9c,Bike Rental / Bike Share,35.67582942,139.64535
25816,4d4cc021fe7fb1f7319f5442,Office,35.64970518,139.5432124
25834,4c440d428c1f20a172e33b99,Office,35.67409286,139.7410887
25843,4ef2c00ae3003ccf85135199,Office,35.65045282,139.7506052
26003,4fb09f64e4b0cb0e2ff492f3,Office,35.70265399,139.7687547
26005,4ba1a738f964a5200cc637e3,Office,35.70135148,139.8149786
26014,4e9e4049f5b95cf4b21858a3,Office,35.75009104,139.8513948
26032,4b70de0ef964a52051322de3,Office,35.69065939,139.7596872
26043,4ee1cc1ce5e8884dc71a9c58,Office,35.65240565,139.5456308
26294,4cfd950cee9cb60c57579bad,Office,35.64696403,139.8142992
26306,4be35a7bb02ec9b6415d4fc0,Office,35.63017189,139.7441304
26315,4ba32553f964a520952d38e3,Office,35.60787057,139.7497332
26320,4dd1ea7b45dd9197faeaad57,Office,35.62608195,139.7406918
26328,4b713959f964a5202d3d2de3,Office,35.66534198,139.7609639
26333,4f1667f7e4b0960d03bd3da6,Office,35.6463165,139.7047668
26349,4b6843f7f964a520c26e2be3,Office,35.73551472,139.6293425
26422,4eae5a7f93ad7677a96356a2,Office,35.665471,139.836069
26435,4dbe46f4f7b1ab37dd89b17c,Office,35.66431648,139.7439197
26499,4e702b95d1649bf26ff03534,Office,35.61182717,139.7416793
26511,4d142850e190721e77530521,Office,35.66682,139.768
26725,4bea35a56295c9b6853c8608,Office,35.69502155,139.6894
26733,4f99fbe2e4b0193a1e6b8096,Office,35.58019673,139.7188656
26740,4eb3bc9ff790d87d01f67aab,Office,35.694345,139.694822
26741,4ba46324f964a5202a9a38e3,Office,35.65665334,139.6963146
26744,4bfa17c7b182c9b683f1795a,Office,35.654755,139.75501
26772,4d4baa1b61e0224bbfd3a8e8,Office,35.763534,139.736651
26777,4b58f8b7f964a520327628e3,Office,35.65580556,139.7962779
26907,4e5219b114955fcafdc375bf,Office,35.62703251,139.7452515
26923,4c11c13a72caa59369275ea4,Office,35.66443546,139.7606421
26950,4b8cabe5f964a52001da32e3,Office,35.69717137,139.7650957
26956,4fa3b268e4b0fd4c3da94d56,Office,35.69776705,139.7073449
27010,4b551ea3f964a520cfdb27e3,Office,35.65467777,139.6893801
27026,4ea7c070cc21adeb99054f62,Office,35.62146416,139.7485399
27029,4c987831f419a0935cc36f88,Office,35.65391384,139.6899283
27080,4b6795cbf964a52051562be3,Office,35.68688423,139.6950736
27090,4b552db4f964a520dcdd27e3,Office,35.701866,139.695976
27155,4eabeda36da1cafdae886ee3,Office,35.57340847,139.703934
27225,4bd7df83f645c9b605d9a6e0,Office,35.69053739,139.7698045
27239,4f792e9de4b0b009efeb6ce5,Office,35.68424381,139.7406164
27282,4b68c4dcf964a520f18b2be3,Office,35.65723959,139.7815794
27331,4cd3602a2561a35d9e3131dd,Office,35.67514933,139.7840671
27338,4d659fb46d86224b09388a81,Office,35.64203503,139.8092222
27347,4f79655be4b0f52dbade8571,Office,35.647955,139.714438
27381,4eae23bb2c5bb67b23ebedc4,Office,35.68711377,139.7662987
27482,4f3a223be4b07324280be1e1,Office,35.67422865,139.7769571
27500,4c9c52aa8afca093ea5cec15,Office,35.68434602,139.6861596
27509,4bc9496d511f95217898adc7,Office,35.67644091,139.7376277
27549,4b98ae1df964a5203e4b35e3,Office,35.69003853,139.7101387
27660,4b4fdf0ef964a520351827e3,Office,35.66794443,139.7399379
27741,4b332b1df964a520ed1725e3,Office,35.64627019,139.7038624
27783,4fb6d924e4b093a90e93a022,Rental Car Location,35.73538653,139.6141596
27849,4b9f6f7df964a5207f2237e3,Office,35.66875877,139.7451603
28024,4bd926560f7cd13a4d5e7c9f,Office,35.68324366,139.6622425
28109,4bcd0aab0687ef3b8d72e0cc,Office,35.62620085,139.7721144
28513,4d15c5ed6c8b5481ef84e0cc,Rental Car Location,35.73817209,139.6574789
28537,4fb880cce4b06b008d2ae4c8,Housing Development,35.64223992,139.6543837
28583,4b7b5158f964a520085e2fe3,Office,35.68301708,139.6867311
28746,4bcbfaf1cc8cd13a2850c0cf,Office,35.656585,139.756863
28858,4c525490250dd13a9eb1ac7e,Office,35.62793306,139.7209605
28870,4b6914b2f964a520ac982be3,Office,35.70104503,139.737982
28880,4e96c17193ad7ae7cd258f8a,Office,35.6722019,139.7668578
28890,4ca82dcf76d3a093b391136b,Office,35.52936241,139.7505945
28910,4bba742a3db7b7132d57239a,Office,35.70263115,139.7487357
28936,4c89bcd32e33370401d3bd41,Office,35.72723886,139.8124658
28938,4c0df845c700c9b6242ea3dd,Office,35.694244,139.756896
28995,4bce81eecc8cd13a7592c4cf,Office,35.66839705,139.7591373
29040,4b5e338bf964a5206c8329e3,Office,35.55834515,139.6619368
29064,4b56e239f964a520131e28e3,Office,35.64607491,139.7534811
29140,4ca29ac85720b1f79ceb2aef,Office,35.706072,139.697225
29145,4fb982cbe4b0cfcf1952fb7a,Office,35.694499,139.687726
29146,4fbd859fe4b09e81e66fdc79,Office,35.67130401,139.7231603
29201,4b6b8df1f964a5209b0f2ce3,Office,35.6441449,139.7433608
29272,4b860e7ff964a520d87e31e3,Office,35.646042,139.705682
29335,4ee4dc26775b86c404959539,Office,35.66354384,139.7627247
29396,4bfccc3cbf6576b02362acb8,Office,35.5911369,139.728547
29460,4fbf5da3e4b088216817c2b9,Office,35.66315017,139.7027173
29696,4bde8ac06198c9b6b23014ff,Office,35.70623003,139.7836976
29771,4e9e191093adbb11dc4274fd,Office,35.68199345,139.7657795
29994,4b74ecd7f964a52047f82de3,Office,35.55162854,139.7434062
30188,4c56241889f9c9b6c60d0496,Office,35.60499005,139.7243275
30189,4fa4c817e4b0e7038acf3bca,Office,35.657034,139.732967
30230,4c34564b7cc0c9b65c1ef39a,Rental Car Location,35.7046901,139.6703891
30312,4f407454e4b005b534b2c8fe,Office,35.671609,139.72053
30632,4b57f919f964a520ac4728e3,Office,35.67159146,139.7192931
30780,4f1f771ee4b0a6210ff593bd,Office,35.67911459,139.705051
30783,4fc2cbb8e4b0fddecb92497a,Office,35.68936103,139.7355902
30874,4b52a479f964a520c08427e3,Office,35.62258061,139.7503121
30878,4d6ad9c44395a1cd90ada073,Office,35.6465361,139.7446346
30882,4f6bc678e4b05c9c294af01f,Office,35.59502348,139.5734408
30893,4fc2fe8be4b058bc48c03357,Office,35.64528,139.699184
30922,4cb9335f035d236a009dd24e,Office,35.67348331,139.7270512
30938,4f4c5803e4b05ebee3a968c8,Office,35.73459952,139.6818713
30998,4b6b93f0f964a520ec102ce3,Office,35.68222405,139.7368455
31006,4e01667ca80917043438e3cc,Office,35.73228926,139.7083846
31107,4e1ee873483b6e56e8346e8e,Office,35.66928174,139.6006429
31173,4b78d756f964a5203ae42ee3,Office,35.65725702,139.6993482
31241,4b7bc2cbf964a520236d2fe3,Office,35.58961641,139.7303116
31245,4bbaad7e98c7ef3b3c6d3302,Office,35.6748,139.691795
31259,4fbf1a46e4b060bd32def60d,Office,35.68100654,139.7702373
31268,4f1fb157e4b0bf9c51dc24c8,Office,35.66235363,139.7127659
31309,4c05b5a3761ac9b66afa1f74,Office,35.62196397,139.7502023
31311,4e9e30352c5b47f3f4fd0c82,Office,35.62187925,139.750382
31350,4e4fab1eaeb70f1284a303ff,Office,35.66264,139.758217
31356,4e0a9c5618a889c5fe8cfaac,Office,35.647758,139.702889
31363,4b722483f964a520e0702de3,Office,35.68401925,139.7657597
31386,4b5d79a2f964a520385e29e3,Office,35.63630205,139.604516
31452,4b867119f964a520598a31e3,Office,35.69790245,139.745257
31501,4f0bba6ee4b04487f8de3aa6,Office,35.5813991,139.7552778
31505,4e8cf72db8f711fd97516de6,Office,35.68358497,139.7430265
31511,4c6dd2c36af58cfa6ac48a17,Office,35.61975695,139.7033206
31544,4bc5377c5935c9b6d7bca5d2,Office,35.60478121,139.6071298
31574,4c6913ff1226c9b6b531daaf,Office,35.67071116,139.7548056
31577,4b5fda83f964a520cece29e3,Office,35.66338946,139.7649336
31585,4b62734df964a5201d482ae3,Office,35.71939084,139.562426
31612,4b626864f964a5204d462ae3,Office,35.70077136,139.7477121
31627,4fc2d6c1e4b09ab688ad79b4,Office,35.66120364,139.7044776
31650,4fc5be1fe4b090c5c702873c,Office,35.720014,139.502921
31652,4c5e49a4fff99c74e5704dd3,Office,35.66804405,139.7673261
31657,4bf0cdc3a09076b0fec229d4,Office,35.68875541,139.7635442
31740,4b5967d5f964a5205e8728e3,Office,35.66974805,139.7547305
31838,4f52f020e4b050039e2d348e,Office,35.71124734,139.7831883
31916,4c3e8bb6ed10ef3b4e09b745,Office,35.55186422,139.7426444
31946,4cae918aeb65b1f7b3255dcd,Office,35.705288,139.745885
31976,4c5ba2affff99c7475fc2bd3,Office,35.67329103,139.7599983
31992,4b5657f9f964a520620c28e3,Office,35.60983541,139.7479916
32022,4ef7d09ea69dea74fb0bfdc5,Office,35.67448942,139.7306389
32171,4d796a740ceba1cd0143b158,Office,35.8559677,139.6513942
32245,4ca01fb97c096dcb95b3e4d1,Office,35.659518,139.742579
32492,4e06987562e100e5816afed1,Office,35.59458959,139.7605185
32519,4b9ca65cf964a520877436e3,Office,35.65802977,139.7456013
32520,4f5c3d38e4b008b157166a77,Office,35.6908597,139.7447231
32627,4cce89f1566aa0936cb32dfd,Office,35.65196975,139.7979784
32631,4b650b4df964a52028e12ae3,Office,35.69558859,139.7651614
32650,4f844c37e4b0059705cac712,Housing Development,35.60164952,139.6736635
32700,4b7d01b4f964a520c6ab2fe3,Office,35.67101186,139.7267979
32832,4cce514bb571b60cdcf4dd65,Office,35.71128582,139.7309024
32903,4b835161f964a520370231e3,Office,35.67763456,139.7625949
32952,4d888fb76daeb60c97bc3ce0,Office,35.6493246,139.7079552
33016,4b99cdbef964a520839235e3,Office,35.66883722,139.7636998
33018,4f9a14b2e4b03577670f50db,Office,35.664328,139.761649
33068,4b94bb10f964a520b08134e3,Office,35.7138389,139.7062173
33145,4f8e4423e4b0f9f93dc31ec0,Office,35.65895361,139.7035999
33215,4f58710fe4b0714fa3c49647,Office,35.69171922,139.743291
33225,4cffcf9c574d60fc0f49476c,Office,35.64604938,139.8690436
33401,4fcd54c7c2ee04dbc385a66e,Office,35.67035381,139.7345281
33403,4b6ba395f964a520c6132ce3,Office,35.6831783,139.7628522
33406,4db61f3a0cb6729b6ab349bf,Office,35.78982091,139.6071553
33484,4fca261be4b00e6846274a61,Office,35.65766238,139.7324252
33494,4cdddad2f8a4a1439eecd2bc,Office,35.65629374,139.7345388
33521,4e07ff7e45ddb2875c4e5b25,Office,35.6888382,139.7379667
33568,4d26725fc406721ef7fc5eb6,Office,35.65535225,139.7521126
33571,4d523e44dcce224b7381ea1b,Office,35.671958,139.726251
33620,4c99fecb80958cfaddd03ed4,Office,35.65425072,139.6936178
33640,4e36070e14952ff6cbcef3d5,Office,35.65917918,139.7426391
33808,4fd14bb5e4b010dd64721800,Office,35.795288,139.518061
33920,4ebf266c93ad36d7a8cd1702,Office,35.78692715,139.7142506
33933,4c2c261cb34ad13a70faeace,Office,35.67999307,139.7692734
33951,4c7dc881b33a224b4e49d981,Office,35.65899266,139.774346
33975,4ea776c7f7903beac085e8ef,Office,35.62137275,139.7486952
34175,4c4e4189f53d0f47cf9d41a6,Office,35.64343298,139.7145064
34176,4b4e5f64f964a52051eb26e3,Office,35.64482071,139.7079849
34241,4b53b527f964a520a2a827e3,Office,35.67187037,139.7267926
34399,4c6a29cb35d3be9a39502106,Office,35.60701605,139.7457719
34435,4d3677cb3612a093117e7f5d,Office,35.69878852,139.6972574
34583,4b835a30f964a5208e0331e3,Office,35.73809154,139.7593331
34595,4c327a4016adc928f93dc29c,Office,35.62351364,139.749307
34634,4c46a1df417b20a1d63edba9,Office,35.66204708,139.6989512
34658,4e6d7e5de4cd7236ef8008f0,Office,35.705827,139.863352
34974,4e5b19a81495a8911294d838,Office,35.56144561,139.718322
35088,4e0033ab81dc2a8fe72f8009,Rental Car Location,35.542098,139.571084
35157,4fc80dd4e4b084e50dbae67d,Office,35.60330472,139.5074379
35169,4b5fe233f964a52093cf29e3,Office,35.66820094,139.7674146
35195,4b68d66ff964a5206a8f2be3,Office,35.66987007,139.7411183
35282,4d916de4608fa1cdf9799883,Office,35.806633,139.756688
35287,4fd6d5096d86434199f2760b,Office,35.68995357,139.6877611
35288,4b66400ff964a520bd1a2be3,Office,35.665891,139.747045
35298,4b58eaacf964a520c07228e3,Office,35.65525636,139.7007859
35330,4ddbab3bc65b7845ebf80e0f,Office,35.65570888,139.7014657
35367,4e3a1b1cc65b8a6b56aa73b4,Office,35.68392157,139.7414447
35485,4ef5438961af302a9897b4a0,Rental Car Location,35.66244848,139.8729141
35512,4f741c0ce4b00a080d9b95f1,Office,35.70256502,139.7765777
35589,4be8fe43947820a1d88db5db,Office,35.68872491,139.7349787
35596,4d5a12bef8ff236a1549d24a,Office,35.69691996,139.7916859
35638,4fd8580ce4b0bd3fc810f929,Office,35.66448391,139.7443338
35675,4b84dc27f964a520ea4531e3,Office,35.69107547,139.740783
35764,4c59154504f9be9af38dee60,Office,35.7002946,139.4805568
35783,4b5e2e2cf964a520118229e3,Office,35.67135178,139.7572356
35812,4b2c91ccf964a520d8c724e3,Office,35.633789,139.715648
35889,4d366e88cf67a143a22ab328,Office,35.70949443,139.7338031
35929,4b568cc3f964a520d71428e3,Office,35.655916,139.695387
35943,4fd99c46e4b04a083d23014b,Office,35.53985172,139.7466592
36187,4cd1818dbcab952111e03915,Rental Car Location,35.68820643,139.6993804
36250,4c9563f9209fef3b9c329091,Office,35.65501662,139.7805816
36255,4b55d17cf964a5205ef127e3,Office,35.695574,139.724425
36354,4de41840922e6f93852e2ca2,Office,35.71231007,139.8137927
36522,4ddc5f70e4cdb993eaaa076e,Office,35.63225602,139.7416306
36670,4fcd8e476d86d680d460993e,Office,35.7318734,139.7059572
36671,4e5370a81f6e850d27756305,Office,35.657137,139.75483
36719,4bc4fdf20969a5931253636e,Office,35.67855747,139.7406164
36740,4b77a897f964a520dea52ee3,Office,35.67328796,139.7369941
36758,4cbfb8e88db3b60ca3497a78,Office,35.68737108,139.7721444
36795,4e537eda18a8c0ad8f6ee99d,Office,35.69617281,139.7589087
36820,4e21a78088774a43b76bb8ea,Office,35.67587433,139.5959842
36927,4d80616b6bd8b60cc046487c,Office,35.67248674,139.758252
36975,4d71a898d2242d43569be308,Office,35.69499636,139.7322544
37082,4e977eda0aafa2a0992559bf,Office,35.703265,139.743626
37083,4b864e36f964a5206a8531e3,Office,35.6402258,139.7480249
37101,4fe2877be4b01d3669d82797,Office,35.67152196,139.7243824
37128,4bd017819854d13aec1df74d,Office,35.65955314,139.757938
37137,4f4e3dc81081b9d9ac5b80f6,Office,35.57063455,139.7025561
37153,4b5989acf964a520998b28e3,Office,35.66084791,139.7295654
37222,4e2e75901495329632fa6968,Office,35.671729,139.708572
37252,4d2d7afcad25224b68deff8f,Office,35.68664661,139.6889788
37264,4c69f33635d3be9ab7cf2006,Office,35.65829305,139.7011706
37306,4f8fb7e7e4b06228c9123584,Office,35.69465223,139.7776311
37336,4f95f725e4b024c1fcefdece,Office,35.69091208,139.7390449
37352,4c32dfb8ed37a59315816c03,Office,35.63956314,139.7478211
37396,4db239200f2cc5cb9d71f110,Office,35.75228085,139.7716445
37451,4e7099f9152073dd03baaa66,Rental Car Location,35.70152467,139.581095
37465,4bea2c49b3352d7f67f554d2,Office,35.67175488,139.7749087
37478,4df5daf3aeb7170aa2f8ae18,Office,35.70469597,139.7773629
37480,4b7a4f10f964a5201a292fe3,Office,35.70009427,139.7507912
37482,4b5fc03bf964a52053cb29e3,Office,35.53504042,139.7001194
37488,4cdcb786958f236ab67bb403,Office,35.52920524,139.6957541
37494,4fb7423c771668873433255e,Office,35.706846,139.763683
37495,4b960336f964a5202cba34e3,Office,35.60983348,139.7494197
37510,4feacd65e4b0c4362af29890,Office,35.660101,139.70477
37545,4b57b564f964a520143d28e3,Office,35.65054,139.7976404
37552,4b971e7bf964a520d7f834e3,Office,35.68609691,139.7632937
37589,4fb2f821e4b0b74067f45b94,Office,35.64346929,139.6974492
37624,4feb055fe4b0ce6ecea098aa,Office,35.682123,139.803717
37648,4fc9e09be4b044ecbf5bc7b2,Office,35.7048393,139.6727414
37682,4d788758930ef04da81eb84f,Office,35.706938,139.72067
37874,4eee7c73f790c40a8b43f65c,Office,35.73161697,139.7190857
37889,4f507e61e4b0daf96c9c28f7,Office,35.72704251,139.7113794
37974,4f6ceacbe4b0d4a5b00d1948,Bike Rental / Bike Share,35.73396001,139.7667979
38062,4b556ea0f964a52026e427e3,Office,35.66818787,139.7691822
38077,4c14270da5eb76b00d52c1b7,Office,35.57068582,139.6988118
38078,4c9d30f38afca0937e6ff415,Rental Car Location,35.57059966,139.696325
38083,4d9d1cd379d1ba7a5ea13388,Office,35.69698095,139.7435242
38099,4b9ed722f964a5208e0537e3,Office,35.67281524,139.7241479
38306,4b666838f964a52083202be3,Office,35.70318875,139.529146
38337,4b63fc64f964a520079a2ae3,Office,35.621306,139.74857
38424,4b5661a7f964a520010e28e3,Office,35.69107982,139.7408098
38481,4dca4c3db3adcc457c8a97bb,Office,35.716557,139.784634
38504,4e7655b7a809582dd657cca3,Office,35.69902413,139.75281
38505,4d5f41721ee8721ed6929c21,Rental Car Location,35.66206451,139.7019714
38571,4ec707159adf9c7bf286e9aa,Office,35.670086,139.766564
38634,4cbf95c6020d4688ff7b6338,Office,35.67516104,139.7336613
38741,4bb3ec1687aa952194adacd1,Office,35.65645393,139.6993428
38766,4ebbb717f7903b1fae9c923f,Office,35.79492934,139.6696615
38778,4f4c4cdfe4b087ae21d809d4,Office,35.59455046,139.7609277
38800,4f7cf402e4b089dfe454894f,Office,35.65610196,139.783591
38866,4c6e86a24d24b60ccdd8d8d8,Office,35.67701687,139.7327082
38904,4dae56f4cda1ea0bb03cc011,Office,35.59122175,139.6222132
38934,4e30ec891838bc8e1a248c1d,Office,35.69670007,139.6827998
38982,4b56ccbef964a5208e1b28e3,Office,35.61852504,139.7278333
39060,4bfbbf06d0382d7f5dffc90a,Office,35.658507,139.697009
39111,4b821663f964a5202fca30e3,Office,35.65592761,139.7636032
39247,4dcca82e1f6eb122704f6a64,Office,35.732944,139.709119
39424,4e56c6101495e0149c0e457c,Office,35.69891295,139.7808066
39451,4b5d601ff964a5202e5b29e3,Office,35.674094,139.707528
39572,4baffe6bf964a520a7303ce3,Office,35.66283076,139.7612123
39783,4f69c4ade4b0ffb80ab56385,Office,35.6617051,139.7001045
39826,4b711419f964a52020392de3,Office,35.71223786,139.7780955
39837,4bf728d0508c0f4768533d31,Office,35.67013155,139.7449887
39852,4b74b4fbf964a5208fed2de3,Office,35.67310235,139.7821448
39887,4c358ea8a0ced13aa6fe196e,Office,35.67328231,139.7707942
39900,4b61705bf964a52091132ae3,Office,35.65866051,139.7073627
39919,4ea4b683490102dac392cf92,Office,35.6626529,139.7828896
39952,4bf9fd1e4a67c928e2c227cf,Office,35.6193565,139.7472381
40194,4e027fe5b0fb014d80194515,Office,35.69943537,139.7724788
40209,4f53122ee4b050039e4e94bc,Office,35.67353671,139.7681307
40227,4ef195fb8b81368cf7548606,Office,35.63137845,139.7143468
40350,4d3e615ed2c8f04de5a27272,Office,35.68282971,139.7064883
40437,4e538a356284ca6a2f7159fc,Office,35.66521648,139.7030115
40635,4e27c95aa809ec0663e7ce49,Office,35.66733962,139.7147558
40657,4c80c0fbd92ea0936a563a72,Office,35.72949941,139.7152995
40659,4f3c529ce4b04e90d84dc0fc,Office,35.64337007,139.7349485
40661,4b863a20f964a5203e8331e3,Office,35.672624,139.723952
40755,4ff43235e4b055f895d05cd7,Office,35.66165237,139.7135339
40804,4cb7b3a89552b60c8b2bc78b,Office,35.60229673,139.7209855
40857,4e7ab68bd164a9101717ddfb,Office,35.658726,139.73191
40880,4ea8746b93adf5b1fbbb665c,Rental Car Location,35.6988802,139.769169
40895,4b2610c7f964a520497824e3,Office,35.68456813,139.7385459
41035,4e2a6cbd483bb05f0593a54c,Office,35.6427269,139.7426605
41080,4fdfa84ee4b0f37d57d0c742,Office,35.62629038,139.7768023
41122,4ef7c680775b54cdb4bfbf0d,Office,35.65649629,139.6991521
41416,4ca28de1d7c337048e8b9962,Office,35.68008893,139.7619295
41725,4f90ab45e4b0ead197316f23,Office,35.66276186,139.8068619
41730,4f04d781f790d32df0c57ba3,Office,35.682775,139.704294
41824,4b9f05f1f964a520841037e3,Office,35.69787185,139.744243
41826,50051938e4b066521ad51986,Office,35.634016,139.660055
41840,4f8d2f54e4b0a66dd3beacb3,Office,35.68581926,139.7035251
41916,4e5d836a1495d25a3a0b13a5,Office,35.67741778,139.7632787
42117,4d25769f3574a143dd6d4ed1,Office,35.66057396,139.6967937
42164,4d8851c226a36ea8c2b6c9ad,Office,35.6960899,139.8176465
42181,5005f7c8e4b02532d522ca84,Office,35.647879,139.679936
42224,4b8e2f94f964a520bc1a33e3,Office,35.691551,139.6941737
42245,4c8b0c499ef0224b5516617b,Office,35.686678,139.741692
42305,4eb20f5b61af6506d5241c5c,Office,35.6254852,139.7244959
42327,4b877b87f964a5207dc031e3,Office,35.51158347,139.7179842
42339,4b170678f964a5201ec123e3,Office,35.67856163,139.7675648
42375,4c9aae8edb10b60cfd11956d,Rental Car Location,35.62736755,139.724976
42386,4bfde0944cf820a16931edf4,Office,35.6679133,139.747746
42635,4eb3974b469073bbc5561d5d,Office,35.66137588,139.7607708
42640,4e3623c7a8092599ee0cb1cf,Office,35.69351372,139.6950636
42656,4b5d44ccf964a5203d5829e3,Office,35.6514477,139.7575936
42765,4be7d94b947820a11f2bb4db,Office,35.655691,139.7007141
42895,4ecf62889adf254455ab0c99,Office,35.65687781,139.7566563
42908,4b79074af964a52067e92ee3,Office,35.68437872,139.7031248
42966,4f7522f5e4b0425269fbc4b0,Office,35.697687,139.707464
43063,50167649e4b0f8ec796dae61,Office,35.6986669,139.6366811
43259,4b726819f964a5200b7a2de3,Office,35.65348666,139.7583783
43264,4e008428b61c1fbe8dfa6e56,Office,35.668699,139.758611
43317,501f562de4b0c118b62f1e89,Office,35.65819413,139.7273397
43331,4ed435cd61af8b867c797a44,Office,35.6261598,139.7139279
43334,4e5ed7c77d8b67dc8ffa513b,Office,35.62550546,139.7304435
43339,4b5cec0df964a520ec4a29e3,Office,35.75233294,139.5944612
43350,4d590f0856f2b60ce58c742f,Office,35.77848384,139.6438019
43386,4e20c11ce4cdf685917e6336,Rental Car Location,35.59863002,139.611228
43580,4cdb8a58c409b60c329ad51a,Office,35.63069511,139.887296
43585,4d08644c7b30a1cd38879fcc,Office,35.67131256,139.7470808
43586,4d64b9b8072a6ea8f83cf54d,Office,35.65868909,139.7534711
43601,4b64225ff964a520a3a02ae3,Rental Car Location,35.68720073,139.6955472
43734,4dd60a468877f1150fc77452,Office,35.65025446,139.7027622
43762,4fd2de65e4b09ba567ce4e86,Office,35.68656885,139.700633
43766,4c066607191f20a1d26ee414,Office,35.80941739,139.5792389
43786,4cc11478f4448cfa5e925498,Office,35.66112879,139.7294856
44157,502718ede4b06553e253d7a2,Rental Car Location,35.698292,139.784616
44384,5027877fe4b092aac6532ce2,Rental Car Location,35.62136506,139.5695899
44430,5027c0fbe4b056f766d7c91a,Rental Car Location,35.716365,139.791648
44453,5015d7b6e4b0e259d3e675c0,Office,35.65901266,139.7033705
44459,4f6e535fe4b08610777bd126,Office,35.734157,139.600792
44519,4b5a4db9f964a5209cbb28e3,Office,35.61869078,139.7782353
44559,4f9faf4de4b027acbf32bc02,Office,35.53579486,139.7627047
44643,4e7bc470b9935df0be986038,Office,35.734595,139.879379
44652,4cc61d17306e224bbaffa66c,Office,35.64432803,139.7343897
44661,4b5ce5b0f964a520db4929e3,Office,35.6446071,139.7346193
44673,4eca21dfbe7ba4fc7180cd6c,Office,35.69816092,139.7448079
44674,4e5c44c4d164b895276aa9d7,Office,35.69790452,139.7443128
44678,4c85e930d34ca1438f5f4b80,Office,35.67691665,139.7689891
44822,4b5d0df8f964a5209e5029e3,Office,35.62292542,139.7233199
44921,4e4c740ac65bba8554d0f020,Office,35.66091537,139.5851135
45066,4b8f4d17f964a520d95033e3,Office,35.64475354,139.8258707
45157,4fdd9bcae4b0ef4c395167ae,Office,35.66167825,139.7514749
45352,4b8210adf964a52088c930e3,Office,35.65949487,139.7297326
45553,4ce610d8e1eeb60c53db94ae,Office,35.6086483,139.748296
45556,4eb8e343cc2143e8296edccd,Office,35.672496,139.773834
45557,4b44293ff964a52031f225e3,Office,35.695049,139.763347
45559,4c25acfe905a0f4722036260,Office,35.59483753,139.7605684
45628,4b70e0bdf964a520b8322de3,Office,35.69194257,139.7406414
45643,4dbfc7bb0cb6f21c12794333,Office,35.669773,139.740372
45671,4ee03c470aafbb3dba895887,Office,35.65042184,139.7565305
45672,4eb21eb629c2b0499aa652ed,Office,35.693787,139.761521
45678,4b7b1e2cf964a52075522fe3,Office,35.70325286,139.7489048
45752,4cb85a69035d236a8c37cc4e,Office,35.647238,139.715841
45812,4b5668f1f964a5203e0f28e3,Office,35.65787777,139.69634
45885,4cccb8222dc437048f9dc908,Rental Car Location,35.65204647,139.5423869
45981,4ca83257b7106dcb1c6a70a5,Office,35.52901315,139.7481108
46029,4b5cef7df964a520834b29e3,Office,35.63078231,139.790597
46079,505425c9e4b0d070fc1fe554,Office,35.72948376,139.7131698
46142,4cdb30fbd4ecb1f769487848,Office,35.68270229,139.7225866
46483,4fc2f42ae4b04d2e076bcb60,Office,35.72127366,139.7320149
46516,4d6324334554a0938adaaeaa,Rental Car Location,35.55144975,139.74134
46552,4e95745b4690d749b3bcb7be,Office,35.67469859,139.4716287
46555,4e48d2bb81dc766f3e3d23bc,Office,35.863827,139.652214
46607,4baea7b8f964a52080cb3be3,Office,35.66770847,139.7456807
46638,4b5c6333f964a520942d29e3,Office,35.69080327,139.7568
46652,4bfcdd044cf820a182a1ebf4,Office,35.64168408,139.7120485
46671,4eb882430aaf1abee09c3eeb,Office,35.6876937,139.618143
46700,4c525f889426c9288d714b75,Office,35.65251559,139.6906813
46946,4fe16900e4b0aaff3147b725,Office,35.580062,139.665002
47160,4ff7cdaee4b01a84ede56428,Office,35.66138588,139.6996607
47363,4b568d18f964a520e41428e3,Office,35.65583172,139.7963047
47438,4c620f86e1621b8d40c92253,Office,35.67261774,139.7317681
47447,4dae20881e7207bbeb0ab7b7,Office,35.65931489,139.7047618
47453,4dab8f91cda1652a2ba69b16,Office,35.66885742,139.8219683
47461,50851326e4b07dd17d6d6b97,Office,35.73007464,139.7171099
47546,4bebbf5261aca59358618500,Office,35.696365,139.758068
47580,4b57a86cf964a520163a28e3,Office,35.54877388,139.6924511
47658,4fde7bd8e4b0027c8a921f5a,Office,35.53573995,139.700279
47666,4bee40f6e24d20a1f3c37214,Office,35.66805,139.7651977
47673,4b70e607f964a5207d332de3,Office,35.66062622,139.7574234
47878,5045d602e4b0a6a6516360fe,Office,35.6713556,139.7498779
47926,50826bb6e4b0ec60c50454fe,Office,35.60818328,139.51629
47929,4baaebbaf964a520f28d3ae3,Office,35.72828282,139.7170651
47963,4fbcb75ae4b0e32e56f989d3,Office,35.670954,139.723949
48042,4e2ab42814955dbf7ad1f8d4,Office,35.65779455,139.7574489
48047,508894a2e4b0c9698188bb77,Bike Rental / Bike Share,35.7606892,139.5343065
48077,4d50d77fc5ff6ea80a939e07,Office,35.66357275,139.7570746
48083,4de87703d4c0faa5643035ae,Office,35.68859992,139.7143518
48250,4fb352e4e4b0702bcf59194f,Office,35.64041108,139.7137484
48263,4e5eda757d8b67dc8ffa794d,Office,35.66895254,139.8331165
48291,4d93035e7b5ea14367aabdb8,Office,35.65499483,139.6947777
48294,4d6f0349a045721e932020b8,Office,35.67650703,139.7382617
48353,4b6acf87f964a52068e12be3,Office,35.65973415,139.7910881
48374,505a8561e4b04a22fd8dac01,Office,35.6828238,139.7632837
48408,4f69f03be4b06e950a425f39,Office,35.6681332,139.8050726
48508,4f57dda0e4b0ff1158aa9524,Office,35.67442019,139.7065769
48567,4e0d612efa76d62f443e8b2f,Office,35.70150596,139.7660341
48760,4b886f66f964a52095f731e3,Office,35.729306,139.70196
48836,508bae5ce4b02ba9b17a2a4e,Office,35.655966,139.695201
48980,508cb097e4b0b69fe8a548f8,Office,35.856857,139.647317
49040,4b61978cf964a5202e192ae3,Office,35.65017382,139.7055397
49130,4c510b93250dd13a9e58917c,Office,35.73537173,139.6285512
49148,4ca1d25b79d9b1f7033ec299,Office,35.71214052,139.7282335
49172,4f3dd369e4b0a4b0823ab1a5,Office,35.63930156,139.7457504
49176,504aa240e4b00e670c418764,Office,35.6116251,139.6287648
49228,4f37dc0ee4b099ca94d24ba6,Office,35.6726635,139.7320443
49312,4d2c1d58342d6dcbbf3a1ccb,Office,35.67019295,139.7469686
49317,4f5dc566e4b04fe10fe9389e,Bike Rental / Bike Share,35.68224349,139.6867429
49378,4b62a087f964a5204d4d2ae3,Office,35.62728691,139.7205416
49421,4d3f8a947a516ea8aa01b382,Office,35.66964356,139.7543196
49427,508efaefe4b0ae9e16f25268,Office,35.66955194,139.739871
49428,5057d9fae4b0ccc7ced8ad3f,Office,35.65889151,139.7031462
49451,4bfdca67f61dc9b69e9e9fde,Office,35.6663618,139.7632813
49492,505f4e0190e7ded2185e0726,Office,35.69295978,139.7348177
49512,50360abbe4b02a7adcbe4ed2,Office,35.679222,139.710635
49541,4c44fcd3429a0f471697491e,Office,35.6661045,139.7438349
49561,4ba06fd6f964a520af6d37e3,Office,35.68425808,139.7687347
49568,4ec443414690b682a3b397aa,Office,35.69261493,139.9093705
49570,4d74252c9a296ea8da1a52a9,Office,35.65173422,139.7364603
49723,505d8f16e4b077974a19d787,Office,35.67052015,139.7494837
49804,4ce9f88ef3bda1437851c3e4,Office,35.68534501,139.7630741
49836,4f79054fe4b025cca452b348,Office,35.8338,139.807582
49858,4c086ff6009a0f47d236e6bf,Office,35.69397925,139.7582173
49960,4ce2183e825e721e4e607f45,Office,35.6962338,139.7677472
50018,4ecf3da629c223f92778cbe7,Office,35.68254094,139.6883581
50085,50454ddfe4b06002d96a4561,Office,35.69660406,139.7083473
50104,4db8c89c93a0f369e8620c35,Office,35.6716,139.768898
50120,4b60321cf964a5206cd929e3,Office,35.65117206,139.7094548
50155,4f0bdd8ee4b0614b1439b922,Office,35.6223841,139.7502173
50161,4fec0500e4b07d369710224b,Office,35.72990509,139.747288
50168,4cbfdcd31c6c6dcbc2a3715e,Office,35.666439,139.703589
50169,4b56659ff964a520ad0e28e3,Office,35.66034351,139.7036249
50232,4cb078eef2dbef3ba85b79e5,Office,35.66331537,139.7411317
50242,4f8555e6e4b0efa7557ffa9d,Office,35.69557378,139.7540116
50245,4b564d7bf964a520240a28e3,Office,35.66807527,139.8050626
50315,50645500e4b04b8a1d2a139f,Office,35.64932869,139.7115988
50358,5007a28ee4b07575b8ab95b6,Office,35.61879104,139.7474456
50381,4d6cdc811dfca35d9b903fe0,Office,35.776349,139.62395
50434,4d489dfbb73fb1f710e19e32,Office,35.68943945,139.7073251
50443,509b353ce4b08e5ccfa29cc4,Office,35.688965,139.736152
50487,4caaa3ea76d3a0936082256b,Office,35.64371342,139.7421348
50490,4f0d196de4b04a8cd75674c0,Office,35.68445809,139.7031262
50537,507a1d94e4b06da1423151ad,Office,35.69582869,139.7801475
50538,4eceb1f21081bc34fbac24d1,Office,35.68029809,139.7719958
50543,4c80ae2a51ada1cd28d20b10,Bike Rental / Bike Share,35.67881655,139.7814989
50737,4e65a7a5b993678bb800c14f,Office,35.68792323,139.6998417
50753,4e8894f86c256e93b56edf8a,Office,35.6178778,139.7833731
50842,4cf4696a1c158cfa0496e3b5,Office,35.67076346,139.7622192
50843,4baf2e98f964a5209aef3be3,Office,35.68078021,139.685053
50946,4ebb674261aff66b684ec896,Office,35.66260495,139.7649765
50988,4f4c60c7e4b088c4ad0f2bc0,Office,35.85601309,139.6512696
50992,4b8dbcb7f964a5204a0b33e3,Office,35.67820009,139.764871
51025,4b668798f964a52068232be3,Office,35.65794133,139.6979964
51027,505ff619e4b0adefc46b0650,Office,35.68736172,139.7251506
51034,4cc61109be40a35dad18884c,Office,35.65446741,139.6996808
51079,4f7a84bde4b0747c65722cd2,Office,35.82817397,139.7213209
51088,4dc7cdb9887717c8805b2628,Office,35.68042881,139.7811395
51109,4d6729c45b376dcb146b6867,Office,35.69219943,139.7402472
51118,4b9dca40f964a520ecbd36e3,Office,35.66547404,139.7251755
51134,4b5fb77bf964a520abc929e3,Office,35.65190219,139.6864656
51144,4e376ef218a8470916cb2d64,Office,35.66349437,139.6962153
51145,4d6ae3789f4b6dcb9a9d6928,Office,35.68894448,139.6962153
51156,4f3e0892e4b01701e8e843de,Office,35.6920211,139.7035152
51171,4ded9d09d164f9a5c67ddf8a,Rental Car Location,35.715347,139.780537
51212,4b8e2727f964a520bd1933e3,Office,35.68264235,139.7643113
51354,4ec8805a02d5888e9d20ac21,Office,35.6673,139.754515
51580,4f8f3f5fe4b04e1743c1c885,Office,35.6192799,139.729765
51617,505bfc70e4b038601e0da0c1,Office,35.82437255,139.6929431
51674,50a639cde4b08d8e7cb6cbf1,Office,35.53086852,139.6993067
51685,503175c0e4b060c1a66b4317,Office,35.67540492,139.7671772
51710,4d476fdc11618cfa8d2bc923,Office,35.62897122,139.7786047
51715,4d326fe9329e5481abdcb01d,Office,35.80698985,139.5728016
51867,4b602be0f964a52062d829e3,Office,35.68684268,139.7668862
51895,503d52ebe4b043607f8e835e,Office,35.70256146,139.7719717
51915,4b678467f964a52071532be3,Office,35.6691096,139.7703141
51918,4c843b47d92ea09301bd5b72,Office,35.70150342,139.7746206
51930,4c90790f6fbf224b9af0538f,Office,35.70031154,139.7697231
51955,4b84880bf964a520733a31e3,Office,35.69340852,139.73566
52008,4e43200118387113cad48cc5,Office,35.65347674,139.7583772
52019,4d2af7f0d86aa090334a22c0,Office,35.68042445,139.7752306
52072,4bd7762f09ecb7134ef6467c,Office,35.6879363,139.7869116
52090,50934f19e4b0f17ed449a4d1,Office,35.6700315,139.7443638
52130,4f8f7177e4b0f6229a0e4ce1,Office,35.69263167,139.6938521
52131,4df73723d4c070d4df0fcd82,Office,35.66924,139.732916
52160,4fc45f50e4b027539f64bf2d,Office,35.69637705,139.7549684
52189,4e51e9931f6eae4d253c1d32,Office,35.66830118,139.7692838
52195,4f4c5071e4b0acb4664e8fd7,Office,35.72337309,139.4860612
52233,4b85e8bef964a520f77831e3,Office,35.69408599,139.760778
52257,4c74c6cec219224bc4c9a028,Office,35.61858173,139.7348285
52275,4f18a6ace4b08b384d55765f,Office,35.64452179,139.7497083
52362,4be1563e26879c74ee6dd4c3,Office,35.64921047,139.6911916
52390,4e16f2c9a8090df1eca0339b,Office,35.66996377,139.7061798
52528,4fed203ae4b0f5df01bf3255,Office,35.63785616,139.7523682
52605,4d96b664a2c65481774ec753,Office,35.71760961,139.7515997
52707,4dfdf5efb3ad26d18ba017f2,Office,35.66297542,139.8179662
52760,4ed0813c2c5bc350571c5157,Office,35.6974339,139.7768668
52776,4be37fdc63609c748fe91bff,Office,35.68880334,139.762246
52885,4e7b2ee6091a0cd823a82f0e,Rental Car Location,35.73583164,139.6540403
52983,4c89e69aa92fa09382a38cbf,Office,35.649379,139.706345
53064,4e773e4c52b1c8e51a39a049,Rental Car Location,35.72753884,139.7133593
53115,4e34d44618a82fdd65701956,Office,35.67225822,139.8144794
53117,50b2bdaee4b01c01b5457760,Office,35.695668,139.776218
53136,50aef49fe4b04cb0a138c4f8,Office,35.8098658,139.5797252
53196,4b678395f964a5204f532be3,Office,35.65648335,139.6993268
53200,50a6033be4b044220f57a77c,Office,35.655235,139.7437
53250,4c845cf12f1c236a23de4b43,Office,35.66760388,139.7666395
53259,4ee5e6650e011d52477ef12f,Office,35.63385833,139.7825691
53325,50b3000ae4b0aebed4aa1ee0,Office,35.65655162,139.7817952
53326,4cd7df2da99d3704450502ce,Office,35.65648553,139.782207
53329,4b56b121f964a520bb1828e3,Office,35.67111209,139.7392488
53333,50206058e4b0a43459425d5e,Office,35.62660406,139.6317729
53336,4b8b391cf964a5204f9832e3,Office,35.82546428,139.6913016
53351,5084ca0de4b094820b7f8cc3,Office,35.6532798,139.761926
53418,50b70ef6e4b0620488dc757c,Office,35.66338074,139.7024274
53423,4fffd42fe4b067e902954998,Office,35.73108323,139.7076491
53466,4ea94b7ed3e30cbc43e52bfa,Office,35.85923089,139.6534717
53469,50b97bb1e4b09ef2d86b5ef6,Office,35.696768,139.777914
53655,4e1be0a5aeb75875fbbf2991,Office,35.66657497,139.7661839
53672,50baae11e4b05d62659091f0,Office,35.66825238,139.8079698
53804,504f71dae4b0cefb00a13df5,Office,35.73021133,139.7699528
53813,4dfee3c9c65b1046896138bb,Office,35.53105538,139.6107043
53890,504036501648ee07a7a4283e,Office,35.69959046,139.7559428
53923,4d1821b1e190721e1f072021,Office,35.699675,139.697827
53987,5080d276e4b0ba1a306fe562,Office,35.648232,139.749253
54011,4ef2a72bf9ab11b14f187fa7,Office,35.68227604,139.7045224
54058,4ff105ade4b0dc3476f3bbf4,Office,35.67349172,139.7275401
54062,4f2a1847e4b04e33ba234355,Office,35.66918116,139.742313
54072,50bdc503e4b0e53ea3b34056,Office,35.682683,139.78527
54125,4b56a8a1f964a520ce1728e3,Office,35.689372,139.736294
54130,4dec6763d4c00071b855552f,Office,35.67099007,139.7542799
54143,4c44e738dcd61b8d14087c56,Office,35.6867294,139.7624016
54150,4de3391ed4c07044057f8dd5,Office,35.659959,139.751538
54213,4b67bc57f964a520595c2be3,Office,35.67993206,139.7636783
54261,50a9c162e4b0034097650ddf,Office,35.689317,139.735628
54272,4cc64a9342d1b60cb3ab2813,Office,35.66319083,139.7654101
54323,4c09f8397e3fc9285ef1f282,Office,35.64435963,139.8296933
54326,4fab9edce4b0508b7944132e,Office,35.65408956,139.6942709
54352,4f8b95fee4b09efba37fe9f8,Office,35.68440299,139.7418389
54370,507fbb8ee4b03990f6e8dca2,Office,35.627365,139.7167658
54385,4d216bd00901721e7dd79aa5,Office,35.648373,139.712802
54421,4e4b87efc65b851d5ec6ee2a,Office,35.63046789,139.7103022
54441,4ec5cd5f9a52756c53bbbb14,Office,35.69118862,139.7563159
54448,4e69956152b1c1205f70e89d,Office,35.69183698,139.7831883
54483,4e39ef2eae6019d8e5cdf1a2,Office,35.68972468,139.7655449
54546,507f8e17e4b0de411ba18ffb,Office,35.6988898,139.7581377
54617,4b8130a0f964a520e49930e3,Office,35.68458182,139.7348587
54625,4e51f2e8d4c0b6da5da0afa2,Office,35.68821468,139.7430015
54691,4d1ab95102a66dcb87e06265,Office,35.70831145,139.728359
54821,4b5f9fd4f964a5203dc529e3,Office,35.6586183,139.7125763
54873,50c40583e4b065e8ec3e3cfc,Office,35.641672,139.647382
54930,4ed6ea328b81b2bf27f6e7fb,Office,35.661081,139.704758
55083,4becaa1d0ddaa593f7e91dc3,Office,35.62999748,139.7411692
55091,506edccee4b0a6dae883a56d,Office,35.704439,139.770026
55171,505fb43ae4b09e9784386ee7,Office,35.703551,139.748083
55229,4cad68338c48a09322c76b2c,Office,35.68221098,139.7360392
55294,4f840123e4b09e5c4defd3fe,Office,35.68240377,139.7703971
55306,4d8c4125ac798cfaeeb027e4,Office,35.67082523,139.7617114
55342,50c97c0be4b0bd36bc14abc6,Office,35.646462,139.745568
55346,50456c31e4b000beffa1a80c,Office,35.59142426,139.7694735
55363,4d378196147360fcf6374d72,Office,35.68257263,139.7746754
55370,4b7cde76f964a520dea72fe3,Office,35.6620863,139.7363627
55445,4e25205cb61ceeea6778b0de,Office,35.66118532,139.719514
55499,4cb3c27edb32f04d9d9ed94d,Office,35.65829438,139.6978086
55534,4b59a4fcf964a5208d9028e3,Office,35.67069809,139.7608781
55558,4c00a1d7df6c0f47c6c38b22,Office,35.64284153,139.6045589
55666,4e5edb8d45dd21543f5b162c,Office,35.62696033,139.7792288
55758,4e2a371fc65bcaf40021d591,Office,35.66691747,139.7079045
55763,50cd20f3e4b0f2cbd8b096dc,Office,35.726828,139.670799
55829,4b568993f964a5206a1428e3,Office,35.62412629,139.7318968
55920,4fc039617b0cfc3e638ed1d6,Office,35.67897233,139.8065749
55977,4f5431d1e4b0754d59943df9,Office,35.69613958,139.769793
56067,4b7e8378f964a52062f02fe3,Office,35.69168106,139.7455198
56170,4f582c95e4b0bd50f6e5fdcd,Office,35.66853298,139.8153084
56313,4d9e94f59bf0a35d9674fe0a,Office,35.67547862,139.7688067
56385,50d24177e4b06a982dafc7ef,Office,35.721552,139.757836
56399,4c2b1fc02219c928b10ba448,Office,35.70181218,139.7329187
56415,4b79eebef964a520131b2fe3,Office,35.6883226,139.7796632
56418,4b566ebdf964a5202d1028e3,Office,35.692635,139.762665
56420,4d882346401a224b58237318,Office,35.65672962,139.7019929
56640,50d5811ae4b05cc5d3ba4f97,Office,35.531035,139.701407
56660,4c3d22cd15cb1b8de8a57bdc,Office,35.69141067,139.6982795
56818,4e8169f99adf504a0e1c93c2,Office,35.69375665,139.7015505
56957,50d94c12e4b0421e6dd942e5,Bike Rental / Bike Share,35.60213994,139.5078901
56992,4c4e94a10d90b713ab75c878,Office,35.63076487,139.7417593
56997,4c57a6e8d12a20a11c5867bd,Office,35.69107764,139.741416
57029,4be7c9ca0e5a9c740eca8eea,Office,35.66863239,139.7152618
57162,4ba0e11ff964a5202a8437e3,Office,35.573771,139.748184
57465,4c567327d12a20a12f8e64bd,Office,35.69142619,139.7619081
57611,4c298a799fb5d13ac25a9b57,Office,35.647711,139.736797
57745,4b99ce70f964a520a99235e3,Office,35.69291185,139.7356653
57807,50d7d314e4b0cc0bd47fb9cf,Office,35.53158817,139.7486653
57830,5010a09be4b0ad6ab11a8f17,Office,35.67669674,139.7728882
57875,4b662a44f964a5201b172be3,Office,35.6917754,139.6879094
58042,4fb99369e4b08e9fbc1f5d74,Office,35.70546689,139.6480513
58130,4eb38293b8030fb582079046,Office,35.67303365,139.7405117
58163,50ea2c31e4b074c1c493af74,Office,35.689265,139.735816
58344,4b832106f964a52062f930e3,Office,35.68801908,139.7670418
58350,4c8ad9b6770fb60ccab0d6c3,Rental Car Location,35.67024311,139.6501437
58358,4b555f59f964a520a5e227e3,Office,35.67197932,139.7333962
58439,4e0d6be618a8bf9784c2d084,Office,35.68374474,139.7755927
58462,4b907f6ff964a520598d33e3,Office,35.67028626,139.7690722
58468,4cf851033875b1f7492c933c,Office,35.67014971,139.7041634
58521,4daba1e8fa8cc7649751fabe,Office,35.62489337,139.7255946
58553,5080cc16e4b0a7491ba73c6a,Office,35.68729121,139.7727285
58568,4e4fabb4ae6051db8dceab84,Office,35.662274,139.758158
58996,4e7034262271c7e78bb2d2a3,Office,35.5911236,139.6014583
59041,4f632c6ce4b03a7cdfaed8d1,Office,35.59034905,139.732908
59056,4fc85dede4b031d74b54cbb3,Office,35.69600597,139.7652105
59072,50f4cdf1e4b0c40b55398625,Office,35.66490921,139.7384909
59113,50f758eae4b0f62fa37b7fb3,Office,35.66554636,139.7510906
59128,50f7765ce4b0383b90743e7d,Office,35.673395,139.81339
59280,4b601241f964a520e2d429e3,Office,35.663433,139.70025
59353,500ffbfce4b09c8ae4ce7ccb,Office,35.64593582,139.7109106
59377,4f2a1769e4b050ce90f0f8e7,Office,35.69522644,139.7570396
59379,4eb9ed7b7ee58c2d65fd4a18,Office,35.69760744,139.710387
59383,4df2355a3151247c51af67c1,Office,35.68504755,139.6910977
59441,4bb40f7487aa952113e2acd1,Office,35.6684501,139.725395
59462,50b9a4e0e4b0c22ba966cd10,Office,35.68162849,139.7700526
59466,4f6a63de4fc607de0dcefc94,Office,35.66475797,139.7529387
59560,4b9da6c6f964a52048b836e3,Office,35.73087099,139.7489298
59562,4cca71c9b8c8224b921c16ba,Office,35.69572168,139.7568949
59584,4cd75290a42b236a1c4bfa08,Office,35.67099916,139.7480116
59595,4f8b9944e4b0e5ed766c5910,Office,35.65883921,139.7032857
59602,510219c0e4b004f28d8da26f,Office,35.631611,139.741774
59732,4e0709da1520fc3138f03e53,Office,35.68321316,139.5629525
60021,4f5c480ae4b068aa4f2acf3a,Office,35.65402967,139.707684
60035,50ce8d2fe4b00d24af7d20bc,Office,35.650434,139.541726
60083,506fc70ee4b0eead4aba88a0,Office,35.75454728,139.743291
60184,4e324c7d1f6e2137f930a554,Office,35.64281187,139.7448324
60212,4b7a1d5cf964a5206e232fe3,Office,35.73304478,139.740563
60213,5108b42be4b09f3980c4ef27,Office,35.657312,139.782365
60221,4b5ecc64f964a5200e9929e3,Office,35.67300341,139.7074807
60224,4b96fe39f964a5205ef234e3,Office,35.68799448,139.6999599
60259,4c36a0dc2c8020a1c2c28700,Office,35.64633137,139.7040138
60307,4e2d2e96a809f1b164219ddd,Rental Car Location,35.58972548,139.7355023
60344,4b567d9af964a520b21228e3,Office,35.66174458,139.7439347
60353,4c31d73809a99c74a0690b2a,Office,35.8593874,139.6490622
60392,4eaa359730f823f86dc8f690,Office,35.62409304,139.7426123
60475,4e068e427d8b2a0180558c4c,Office,35.69269029,139.7639626
60925,4b60280af964a520c1d729e3,Office,35.6730909,139.666549
60942,4d79c73ac307a35d25654a31,Office,35.65641143,139.7019151
60962,4b9ddea1f964a520d0c036e3,Office,35.69420939,139.6904818
60966,4b53bb34f964a52085a927e3,Office,35.61864714,139.7275597
60968,4e123e8d18a84f0f031b564c,Office,35.57174176,139.6661854
60973,4b54fb8ff964a5207ad627e3,Office,35.68838886,139.7628744
61033,50208fb6e4b01b9142deb774,Office,35.68933308,139.7796033
61081,4b99c97cf964a520c89135e3,Office,35.61023908,139.7480732
61103,4b70cd4ef964a5203f2f2de3,Office,35.700192,139.732807
61141,4d07611179fd6a310c278183,Office,35.673926,139.704209
61142,5025b44629a6b0b0e35db9e3,Office,35.71027158,139.6926534
61146,51136f96e4b0b2e489ed1e37,Office,35.72126125,139.7305782
61152,4b8f9111f964a5204f5833e3,Office,35.665207,139.731009
61157,51137a94e4b036fd3a85a084,Office,35.65368271,139.753418
61198,4c1582dba9c220a14457599d,Office,35.65919008,139.667564
61216,4b921692f964a520a5e633e3,Office,35.62367062,139.6280658
61235,50fd0b9ee4b06b7feb9b18e7,Office,35.70254459,139.7705169
61254,4b563f86f964a520540728e3,Office,35.56654047,139.6821177
61272,5114c31fe4b07e19b6e95f03,Office,35.64774865,139.7987542
61441,4baab641f964a520dd813ae3,Office,35.65418862,139.7450524
61508,4bc1a9d5f8219c74c6a9b310,Office,35.64207862,139.7507876
61511,5058f6fbe4b027b66a395351,Office,35.69865444,139.7844616
61543,50adce4ee4b0ca59992afedb,Office,35.69732715,139.7644767
61556,4c89ccdb1797236a304e5c88,Office,35.66104617,139.7293809
61614,4b5daa1df964a520c76529e3,Office,35.6680702,139.7741067
61686,4edf359d30f87f1286d7cdf3,Office,35.69195596,139.7123918
61751,50eccd17e4b03235931d3f3d,Office,35.67207012,139.7696283
61761,4e3284fa18a846d7ed08123a,Office,35.66409115,139.7137517
61792,4fe82b83e4b0116a38e3740f,Office,35.6866212,139.699566
61793,4ca9181b76d3a09366a81c6b,Office,35.69645381,139.7655451
61853,4bb55c4e2f70c9b66f2b8430,Office,35.66544658,139.8368919
