ID,Category,lat,lng,xIndex,yIndex
4b7d7de1f964a5200bc22fe3,Other Nightlife,35.70618888,139.6469652,108,79
4bc0277e920eb713a9a4182c,Scenic Lookout,35.61494535,139.5769387,58,48
4b54ea63f964a520efd227e3,Movie Theater,35.69001021,139.7058928,99,106
4b76248cf964a520ac3f2ee3,Historic Site,35.68363581,139.7615486,96,131
4b80b193f964a520a08630e3,Scenic Lookout,35.67326488,139.7203016,90,113
4cb0af673f0676b0a826fc0c,Historic Site,35.68379267,139.7593117,96,130
4b7c17c1f964a520787c2fe3,Historic Site,35.68403232,139.758566,96,130
4b7a93d0f964a520fb312fe3,Historic Site,35.6785856,139.7536629,93,128
4b7bee49f964a5205c742fe3,Historic Site,35.68375019,139.7456042,96,124
4c77836bf2473704574b66eb,General Entertainment,35.643839,139.756548,74,129
4cb59f691b0af04d1d47ca25,General Entertainment,35.66002474,139.6959257,83,102
4b7d736ef964a5202abf2fe3,Historic Site,35.69141748,139.7361696,100,120
4b76269cf964a5203c402ee3,Historic Site,35.68586669,139.7603953,97,131
4d5497cb96ed5481f7a5ff6f,Arcade,35.7294609,139.6828922,121,96
4bd2e9b041b9ef3b01dcfee5,Movie Theater,35.58849528,139.7304082,43,117
4cd8e443145fa1cdbfdb08bd,Arcade,35.70073836,139.7718832,105,136
4d31962a72a8b1f7976495d0,Arcade,35.749011,139.702502,132,105
4b6d2824f964a5203b692ce3,Movie Theater,35.66085722,139.6999222,83,103
4b73ab38f964a520e1b72de3,Arcade,35.6987671,139.770121,104,135
4b949524f964a520fb7d34e3,Arcade,35.71259319,139.7042996,112,105
4b62b281f964a520684f2ae3,Arcade,35.69822577,139.7753695,104,138
4b5aa822f964a520bbcf28e3,General Entertainment,35.65591235,139.7062603,80,106
4d86e53e509137043f61b55b,Bowling Alley,35.66722908,139.4774276,87,2
4e6b1a9ad164c37bf4dff451,General Entertainment,35.66491487,139.6960759,85,102
4b74db40f964a52078f52de3,Movie Theater,35.69191851,139.7056863,100,106
4e9eb494cc215c691537b106,Arcade,35.6176778,139.5654855,59,42
4ef498720cd67001b085280c,Arcade,35.76133997,139.7217044,139,113
4b598c34f964a520f78b28e3,Arcade,35.6990372,139.7708626,104,136
4c902f2a352da1cd94d10fb2,Arcade,35.70918263,139.6654665,110,88
4b5585f7f964a5206ee627e3,Arcade,35.68987515,139.7022665,99,104
4bbe680885fbb713a2bf7067,Arcade,35.61626219,139.5640975,58,42
4bf556a8706e20a1ba50aa98,Bowling Alley,35.83079223,139.6742213,177,92
4e126be745dde6c62ddcaef4,Historic Site,35.67880783,139.7380686,93,121
4c9d72487d69b7132c4a28c2,Arcade,35.73235432,139.8805657,123,185
4b688266f964a520e47c2be3,Gaming Cafe,35.527089,139.6944105,9,101
4cfdeeced8468cfa4704036c,Arcade,35.698025,139.772411,104,136
4c3d624f933b0f478962e521,Arcade,35.570559,139.554593,33,37
4b55d735f964a52055f227e3,Movie Theater,35.69268748,139.7036612,101,105
4dce6f49fa7664b7c6a6fd3e,Arcade,35.6572592,139.5680353,81,44
4ba03c8cf964a520736337e3,Arcade,35.665666,139.7600792,86,131
4bd90fd511dcc92858e6f833,Aquarium,35.58854163,139.7373826,43,120
4b5c0c8cf964a520682229e3,Arcade,35.53312552,139.6949708,12,101
4c0cab9b98102d7f5d04e106,Arcade,35.70453044,139.6491748,107,80
4b5ede16f964a520999b29e3,Movie Theater,35.65956273,139.729346,82,117
4b74f7b7f964a520a1f92de3,Movie Theater,35.663257,139.733813,84,119
4c7cf00648c6236a26e76211,Arcade,35.70899146,139.774321,110,137
4b82bb9ef964a52021e130e3,Historic Site,35.68543098,139.757469,97,129
4b82ba39f964a520c3e030e3,Historic Site,35.68619565,139.7581315,97,130
4b7d2c65f964a52051b12fe3,Arcade,35.53635589,139.6329099,14,73
4b8f82d3f964a5209b5633e3,Arcade,35.73037539,139.9070585,122,197
4dc3d31a18387d1bd51276bb,Arcade,35.69776076,139.7714674,104,136
4b7137adf964a520eb3c2de3,Arcade,35.70500525,139.6182275,108,66
4b5dcf17f964a520dd6c29e3,Arcade,35.700226,139.771692,105,136
4c1e07ae8b3aa5933f6e9b5f,Arcade,35.55413806,139.6464899,24,79
4bf8d60b5efe2d7f2a756b34,Arcade,35.7322283,139.7103372,123,108
4dcbf314e4cde609a3a41c84,Other Nightlife,35.67906199,139.7787296,93,139
4b7e3c28f964a520d2e62fe3,Arcade,35.65104347,139.5443326,78,33
4c9de0d02fb1a143fb83e440,Arcade,35.62763185,139.6344624,65,74
4f0aa1dbe4b0ca3a5e78e637,Other Nightlife,35.69046812,139.7081877,100,107
4b5bcdd9f964a520211729e3,Arcade,35.65999641,139.6994609,83,103
4b56e604f964a520861e28e3,Arcade,35.72985644,139.7150351,121,110
4ee83fa0f9abdbe45c207e28,Historic Site,35.75188581,139.6396973,134,76
4b8b5af4f964a520479d32e3,Arcade,35.72983106,139.7147977,121,110
4cb2a43339458cfa79d014a0,Arcade,35.56019904,139.7140277,27,110
4b8e8e42f964a5207d2833e3,Arcade,35.646706,139.71085,75,108
4b56d6def964a520a81c28e3,Movie Theater,35.52818367,139.6980286,9,103
4b5b9491f964a5209f0829e3,Movie Theater,35.691156,139.7021063,100,104
4f799606e4b0795c39ea9940,Other Nightlife,35.62869025,139.547539,65,34
4b741da5f964a520a5c82de3,Arcade,35.70012476,139.7753695,105,138
4b5c0352f964a5202f2129e3,Arcade,35.6598504,139.7020626,83,104
4bd3a9809854d13a5f6afe4d,Arcade,35.73546879,139.5248948,124,24
4be12c19c1732d7ff9675b9a,Arcade,35.56329209,139.71507,29,110
4cb836e19552b60c2f82ca8b,General Entertainment,35.69374603,139.7012463,101,104
4dc61181c65b89d3ca8009b0,Arcade,35.65952763,139.7025577,82,105
4e0f3a2145ddc2c6d17f76bd,Other Nightlife,35.52949641,139.6993765,10,103
4bbd726907809521f3a8da91,General Entertainment,35.71448353,139.8312485,113,163
4cb2a1a81463a1432adeaea9,Arcade,35.56234446,139.7137883,28,110
4c9eded12fb1a1436320ef40,Arcade,35.65120693,139.5443219,78,33
4e972dc7e5e8c81815bc525e,General Entertainment,35.69951858,139.7704482,105,135
4eb60fd7e30006eb126bf6fa,General Entertainment,35.650325,139.683697,77,96
4f744c56e4b0da86fd1124af,Historic Site,35.73891092,139.7610875,126,131
4de5fe3c1f6e9d90c7e7dcb4,Arcade,35.7274143,139.6833332,120,96
4e697b82b993d5439ec4c899,Historic Site,35.69335896,139.5594762,101,40
4e2e1ecad4c058fdbee7151c,Historic Site,35.64995588,139.7483495,77,125
4c6925815be8d13abd07627a,Movie Theater,35.85853526,139.6587771,193,85
4ea2ac1477c8d0ce5e0805a2,Arcade,35.77811466,139.6304584,148,72
4b7c97cdf964a520c19c2fe3,Historic Site,35.67882526,139.7595799,93,130
4b716774f964a520e5442de3,Historic Site,35.67598411,139.7605348,91,131
4f08221ee4b0ef60ed33b128,Historic Site,35.68425796,139.7744658,96,137
4d1579b3302da1cd9a24b093,General Entertainment,35.7064707,139.7715303,108,136
4ecbb4d50e011bec7a99d89f,Historic Site,35.69729947,139.7678711,103,134
4e9102dbbe7b7962e9c7a49d,Historic Site,35.68585268,139.7307178,97,117
4b77b75ef964a52003a82ee3,Movie Theater,35.77465904,139.7858441,146,142
4cd177d8ad4cef3b0aef9a4b,Arcade,35.74913974,139.701663,132,104
4e5f5fbd18a870f60f383fb3,Nightlife Spot,35.68914536,139.7081284,99,107
4da08cc64977236ac40fc696,Pool Hall,35.6977869,139.6747684,104,92
4e106bc0e4cdef074b6a236e,Arcade,35.69490722,139.700987,102,104
4da43d3bc6e96ea84a56f85d,Historic Site,35.66476669,139.7534215,85,128
4b6811b3f964a520ff652be3,Arcade,35.69325604,139.7014832,101,104
4b82b764f964a52019e030e3,Historic Site,35.6753261,139.7592151,91,130
4bdfcf270ee3a593dc7035b0,Scenic Lookout,35.68989257,139.6916234,99,100
4b90d344f964a520a89833e3,Pool Hall,35.66493195,139.855859,85,174
4c9470eec8a1bfb794121ff3,Arcade,35.78830224,139.6115783,154,63
4d70d926419da35d60520bd8,General Entertainment,35.71258,139.653876,112,83
4ccd2609063a721e5134939a,Arcade,35.70463499,139.5799577,107,49
4bc17dfcb492d13ad434a660,Arcade,35.55260181,139.5796144,23,49
4ca33967750ca0938bc81667,Other Nightlife,35.66686,139.755769,86,129
4b567dd7f964a520c21228e3,Arcade,35.6895059,139.6973781,99,102
4badc509f964a52021683be3,Historic Site,35.6072706,139.6057159,53,61
4d6275af865a224b5f32c285,Other Nightlife,35.66206665,139.7307677,84,117
4c2ff7e7a0ced13ade8d116e,Arcade,35.643567,139.670586,73,90
4ba6fcaaf964a520707b39e3,Other Nightlife,35.69374399,139.7015262,101,104
4b73ac1af964a520fcb72de3,Arcade,35.59997912,139.6123394,49,64
4ed7a7e5f7905836c050d0cb,Other Nightlife,35.74544632,139.7823545,130,141
4b7bd9dcf964a52099702fe3,Historic Site,35.69405549,139.7494814,102,126
4e477ed81f6e29f10db4dc89,Historic Site,35.64711153,139.7483763,75,125
4bbad91298c7ef3b098e3302,Historic Site,35.69242825,139.4718111,101,0
4b6e6194f964a52009bb2ce3,Arcade,35.71628671,139.8581645,114,175
4ca5dfbcb7106dcbba2f58a5,Arcade,35.75268458,139.5430781,134,32
4b5a75e7f964a52085c628e3,Movie Theater,35.53137058,139.7002172,11,104
4d60d5a9d7206ea806d9f9f1,Pool Hall,35.6599129,139.703216,83,105
4e25173e091a817e3dd67300,Aquarium,35.72859539,139.7197712,121,112
4ba5b7e0f964a520181e39e3,Zoo,35.71739517,139.7713481,114,136
4eb4dd2df5b94bd85b93733f,Gaming Cafe,35.69832348,139.7716404,104,136
4da0534f784f370474cb96af,Scenic Lookout,35.57491821,139.6530747,35,82
4ec87b24d3e3e131f381177a,Movie Theater,35.71052038,139.7731977,111,137
4de87ac6d22d09215a1df350,Arcade,35.67428338,139.7627895,91,132
4ec87aec2c5b532d07ed5e2e,Movie Theater,35.7104909,139.7733126,111,137
4b9f279bf964a520dc1537e3,Movie Theater,35.71135395,139.7732277,111,137
4b7beb00f964a520a8732fe3,Historic Site,35.68885562,139.7520912,99,127
4b9c7fb6f964a520b06c36e3,Racetrack,35.7035416,139.7513938,107,127
4b56a0f8f964a5201f1728e3,Movie Theater,35.6922627,139.7052222,101,106
4ba6bc0df964a520366c39e3,General Entertainment,35.65750764,139.6869376,81,98
4b63a351f964a520e8882ae3,Movie Theater,35.729729,139.7148488,121,110
4d96a21fc19fb60c41908365,Zoo,35.71642608,139.7725993,114,136
4b56ead5f964a520311f28e3,General Entertainment,35.58469114,139.7407722,41,122
4f6abc8ee4b026c4ac48b37e,Zoo,35.71442409,139.7686149,113,135
4b5c3522f964a520512729e3,Movie Theater,35.67162633,139.4809628,89,4
4ba589e0f964a520821039e3,Movie Theater,35.58407082,139.7400576,40,122
4b91afe4f964a520f4cf33e3,Movie Theater,35.67352635,139.7627234,90,132
4b58ddedf964a520b56f28e3,Historic Site,35.7007841,139.7664356,105,134
4b91e099f964a52021dd33e3,Scenic Lookout,35.66030005,139.7296303,83,117
4b6d1865f964a5209e662ce3,Casino,35.67225168,139.768222,89,134
4cf09de37bf3b60c75ef5a7f,Casino,35.69498564,139.8127359,102,155
4ca42610a73cb60c96021f78,Historic Site,35.68417611,139.7565973,96,129
4bf77b4eb182c9b696e8755a,Arcade,35.69842076,139.7767782,104,138
4b81824bf964a5203cab30e3,Historic Site,35.68832843,139.7543657,98,128
4b63ee53f964a5208c972ae3,Arcade,35.72991815,139.7159967,121,111
4b6d582ef964a520fd712ce3,Movie Theater,35.65457638,139.7924209,80,145
4e3e04fbaeb73139a1822442,Historic Site,35.72408361,139.7668178,118,134
4eeae17de300f0e37e272a8d,Casino,35.66155146,139.7022635,83,104
4b5732daf964a520a22a28e3,Racetrack,35.66249163,139.4856405,84,6
4f0cc87ce4b06e1292205264,Historic Site,35.69466295,139.7463099,102,124
4b77a15bf964a520c1a42ee3,Historic Site,35.66213424,139.6801651,84,94
4ce5d153b7f160fceeda1f27,Arcade,35.58377498,139.7399569,40,122
4d9fd1b758c2224b988e4579,Arcade,35.73231756,139.7132903,123,109
4c28be11d26eb7133f4e14d1,Arcade,35.70007402,139.483999,105,5
4d69f0a72acd6ea89ed540c0,Scenic Lookout,35.75493209,139.7364807,135,120
4b5d6b8af964a5207f5c29e3,Bowling Alley,35.67411465,139.6670973,90,89
4c10cd41b93cc9b6483b57e0,Arcade,35.73315364,139.7399569,123,122
4de088ed22713271e2b74f5c,Arcade,35.60377108,139.5088255,51,17
4ec6db964690116a8b5f40fa,Historic Site,35.70683043,139.6637821,109,87
4bb1ca77f964a5202ca33ce3,Bowling Alley,35.730963,139.716429,122,111
4c387af118e72d7f215918f5,Bowling Alley,35.67172778,139.8369678,89,166
4b67a095f964a5208d582be3,Arcade,35.70123933,139.7720334,105,136
4d732075ff6ba35d57ee788a,Arcade,35.63145054,139.6580407,67,84
4b5be2a0f964a5209b1b29e3,Arcade,35.69870393,139.7709927,104,136
4be0feaac1732d7f67115b9a,Scenic Lookout,35.65855936,139.7454787,82,124
4e680f2081dcaba7ccad6555,Historic Site,35.67270046,139.7625825,90,132
4b51aff5f964a5209d5227e3,Movie Theater,35.74236297,139.648633,128,80
4b80b24af964a520c98630e3,Bowling Alley,35.79032616,139.5791629,155,49
4b73d66af964a5202dbd2de3,Bowling Alley,35.60261088,139.6194398,51,67
4b0587b2f964a52045a022e3,Movie Theater,35.6606698,139.695282,83,101
4bb880a098c7ef3b61223102,Pool Hall,35.52852766,139.6983444,10,103
4b67e9d2f964a520e3602be3,Movie Theater,35.66206233,139.7026446,84,105
4d7c209686cfa143cfbbc3a0,General Entertainment,35.61192173,139.6288046,56,71
4e8ed1986c254835946063bf,Other Nightlife,35.69748027,139.7573191,103,129
4f4ba59ee4b0eddb546b49d4,Casino,35.65073157,139.5514979,77,36
4d8ecf3c6174a093bf9fd1e3,Historic Site,35.72251478,139.7739029,117,137
4f81c750e4b0ef209971799e,Historic Site,35.72944,139.70729,121,107
4b713f5ff964a520fb3d2de3,Arcade,35.70543868,139.6193057,108,67
4ecca9efb6344934dceab891,Arcade,35.75244193,139.7104955,134,108
4c6fc4f7d274b60cf676d70d,Arcade,35.70207356,139.5244575,106,24
4b9b4a99f964a520a5fe35e3,Arcade,35.76542951,139.8479909,141,171
4df9e00a6284226247b47bb8,Nightlife Spot,35.54728284,139.7200225,20,113
4c0dbc74d64c0f470f3e275d,Scenic Lookout,35.55055669,139.7892661,22,144
4c3dc55ba97bbe9ae641fcdd,Arcade,35.55604961,139.5797592,25,49
4b555139f964a5207ae127e3,General Entertainment,35.66548907,139.7610886,86,131
4e6b21f781dc6cbf27489100,Historic Site,35.69112993,139.777658,100,139
4f407d9ae4b0f96035f98e48,Casino,35.74206044,139.7265673,128,115
4ba48f1bf964a5203da438e3,General Entertainment,35.714412,139.702713,113,105
4b6bd06ff964a52068192ce3,Arcade,35.7003049,139.8154101,105,156
4b6d3141f964a520cd6a2ce3,Arcade,35.69777165,139.7574046,104,129
4b692a8af964a520c89a2be3,Arcade,35.73169921,139.7131482,122,109
4bea3964b3352d7fa20055d2,General Entertainment,35.66913792,139.7129738,88,109
4be502e0bcef2d7f856a03e5,Arcade,35.70493991,139.5802286,108,49
4b7eabd2f964a52052f82fe3,Arcade,35.73732083,139.6725234,126,91
4ba4ba2ff964a52099af38e3,Arcade,35.70542344,139.6213013,108,68
4c9d76817d69b713226e28c2,Arcade,35.73432065,139.8834872,124,187
4b752646f964a5204cff2de3,Movie Theater,35.672074,139.765128,89,133
4de4901b1f6e3190cd41df32,General Entertainment,35.6731705,139.6905566,90,99
4b87c5eef964a5204dcb31e3,Arcade,35.70921747,139.6655041,110,88
4bb94d9b3db7b713fb37229a,Arcade,35.69580032,139.7006142,102,104
4b6ec3a2f964a52084c92ce3,Arcade,35.66126691,139.6982485,83,103
4b6ebd04f964a52073c82ce3,Movie Theater,35.666657,139.804453,86,151
4b566b84f964a5209e0f28e3,Historic Site,35.68274693,139.7556961,95,129
4b7bb3a7f964a520526b2fe3,Arcade,35.70090608,139.741888,105,122
4c00c07b8c1076b03dae2071,Arcade,35.7180855,139.8572659,115,175
4b9a6494f964a52072b135e3,Aquarium,35.63998167,139.8621798,72,177
4c00cc629cf52d7f315b14e7,Arcade,35.7052688,139.5790485,108,49
4c257ab0905a0f47e0b66160,Arcade,35.71002548,139.7743347,110,137
4bac993af964a52054fd3ae3,Historic Site,35.68154554,139.7669826,95,134
4f055c2649013460825cef11,Other Nightlife,35.693621,139.768926,101,135
4bda23da2a3a0f4775ffa9b6,General Entertainment,35.54947684,139.5789385,21,49
4ea68bd86da1ce876572ba3a,Other Nightlife,35.607314,139.667686,53,89
4b6e6c44f964a520e6bc2ce3,Bowling Alley,35.64326876,139.7520912,73,127
4f7fe24de4b0c7b85490fbbc,General Entertainment,35.63111208,139.793715,67,146
4df0e777ae6066d602d80f88,Nightlife Spot,35.662439,139.733205,84,118
4b7c16dff964a5203f7c2fe3,Historic Site,35.68276,139.7556531,95,129
4b62c83cf964a52071522ae3,Movie Theater,35.80772664,139.7143119,165,110
4e38dbe462e16ad099ecea65,Historic Site,35.68234585,139.7598995,95,131
4c9606277605199cc9debfa3,Arcade,35.70418195,139.6660674,107,88
4f0eb013e4b06654e41c9975,General Entertainment,35.55490699,139.6789816,24,94
4f867579e4b0eb20542d8471,Other Nightlife,35.69786959,139.7541299,104,128
4b5bc1f6f964a520841429e3,Movie Theater,35.77019348,139.6609068,144,86
4bff036468c7a593790e4044,Arcade,35.73012097,139.7165064,122,111
4f13d6dd7bebcec5ad3a83d2,Arcade,35.69634054,139.760803,103,131
4f4609eae4b0288c757e303d,Other Nightlife,35.6571539,139.7539103,81,128
4b7e431af964a520a7e72fe3,Arcade,35.69924195,139.7709364,104,136
4f12c41ee4b067841221f4eb,Other Nightlife,35.643606,139.697956,74,103
4c1d73b863750f473f5ab867,Arcade,35.82827835,139.8025382,176,150
4beac2d861aca593f61c8400,Other Nightlife,35.69383548,139.7046429,101,106
4b55ceeef964a520fcf027e3,Movie Theater,35.65657588,139.7006088,81,104
4c370b7f3849c92891f3bcb1,Other Nightlife,35.6633535,139.7117561,84,109
4b812a51f964a520f09830e3,Historic Site,35.69544744,139.7852594,102,142
4e9fe0e3b8f7cf6042140b29,Movie Theater,35.63236088,139.699566,67,103
4e2c11f9d4c0e5c89acae661,Nightlife Spot,35.737775,139.749155,126,126
4b7d74b8f964a52085bf2fe3,Historic Site,35.69996946,139.7438058,105,123
4efe12f393adc824570dcb83,Historic Site,35.64348994,139.7851407,73,142
4bd947dbe914a593bf1b56fa,General Entertainment,35.62029986,139.7787738,61,139
4b81703df964a52007a630e3,Historic Site,35.69261124,139.7555029,101,129
4d0f66bec3dc3704c04b3274,Arcade,35.6602917,139.6682225,83,89
4e71d444d1647c08d3d94983,General Entertainment,35.69953818,139.7704388,105,135
4f3da9b2e4b0a4b0820f70bf,Historic Site,35.75053508,139.8028493,133,150
4b641949f964a520ef9e2ae3,Movie Theater,35.65907021,139.698911,82,103
4baef971f964a520d0e43be3,Casino,35.67023178,139.753046,88,127
4b68cc32f964a5206f8d2be3,General Entertainment,35.63923899,139.5516471,71,36
4decdabfb0fb8293f810f9a3,Nightlife Spot,35.67328231,139.7615916,90,131
4de9b6ab18386283a3d269ff,Casino,35.697383,139.75727,103,129
4ba35989f964a520a43638e3,Arcade,35.69313623,139.70184,101,104
4f0bd44d754aa3fc509dca1c,Arcade,35.72239393,139.4797933,117,4
4cdf8bfd69136dcbb762dee6,Arcade,35.69855528,139.7767502,104,138
4b63c2fdf964a52064902ae3,Movie Theater,35.71052031,139.7734973,111,137
4f30e4e3e4b08cb90b755807,Scenic Lookout,35.5377362,139.6763299,15,93
4e240fade4cdf685919ef99f,Other Nightlife,35.690784,139.702146,100,104
4c0c8e22d64c0f47336f255d,General Entertainment,35.6245558,139.7390825,63,121
4e695270091a21b6d7c159a9,Historic Site,35.68327706,139.7772387,96,138
4f4b4970e4b030691c4de484,Historic Site,35.7551384,139.5841217,135,51
4f1540eae4b0044a26fc8890,Arcade,35.53138485,139.699536,11,103
4b5bfa1cf964a520d11f29e3,Movie Theater,35.70081024,139.8158097,105,156
4de7aaa26365894c5122cfd6,Arcade,35.69613142,139.8156273,103,156
4f6420b0e4b06561247f1484,General Entertainment,35.70079354,139.5427101,105,32
4ba5a6e6f964a520851939e3,General Entertainment,35.66128653,139.6677411,83,89
4b67d35bf964a520a55e2be3,Bowling Alley,35.53786408,139.7418317,15,122
4f891265e4b0e67b84c765a2,Other Nightlife,35.8103714,139.7144165,166,110
4da0e38c540ea1cdd4ce5bde,General Entertainment,35.76905982,139.5613018,143,41
4f486a53e4b0db1b3508cb49,Casino,35.728302,139.800465,121,149
4b6013a6f964a52010d529e3,Movie Theater,35.66185966,139.6984792,84,103
4e285855922edcb0003da48b,Arcade,35.79484231,139.7476065,157,125
4f7f867fe4b0a458b920adec,Scenic Lookout,35.71398363,139.77504,113,137
4d8f0095cb9b224b716e9141,Other Nightlife,35.67194,139.797136,89,147
4b60213ff964a520b8d629e3,Movie Theater,35.72926679,139.7095142,121,108
4c706ba92930bfb7c07ffa80,Arcade,35.74577,139.6754658,130,92
4b5a5a98f964a52077bf28e3,Movie Theater,35.81747487,139.5492946,170,35
4b56ad15f964a520461828e3,Zoo,35.70082331,139.5727801,105,46
4f08f96fe4b0803b696db2d1,Arcade,35.74980206,139.7001394,132,103
4bacb0c7f964a5202c043be3,Arcade,35.68915244,139.6974552,99,102
4dbe286e1e72b351cadb67f6,Scenic Lookout,35.65437544,139.7450724,79,124
4b58e045f964a5205d7028e3,Racetrack,35.59140061,139.7428429,45,123
4ba5e44ff964a520d32739e3,Scenic Lookout,35.68932617,139.6917683,99,100
4b558a35f964a520eae627e3,Movie Theater,35.67358736,139.7627074,90,132
4b7c9f4bf964a520409e2fe3,Arcade,35.76373843,139.6765333,140,93
4cdfe893f8cdb1f7835f9412,Arcade,35.750761,139.587507,133,52
4b694521f964a520529d2be3,Arcade,35.705131,139.648675,108,80
4f803be8e4b0a458b9bdc412,Other Nightlife,35.76657483,139.8471108,142,170
4bec18ff61aca59313c98500,Arcade,35.6639603,139.731454,85,118
4b5a3fd9f964a5206bb728e3,Movie Theater,35.75509131,139.7398181,135,121
4c96eeeb94a0236abb38a312,Arcade,35.58774493,139.6277842,43,71
4e43723052b18fcc798edec4,Other Nightlife,35.71236887,139.7778726,112,139
4c03c60c187ec928340fb67b,Arcade,35.73706759,139.6384122,125,75
4b5c1085f964a520f32229e3,Movie Theater,35.67284871,139.7593988,90,130
4d4ccd27b1fa236af9828729,Arcade,35.62095833,139.568966,61,44
4b79404ff964a520d2f02ee3,Historic Site,35.6926853,139.7526813,101,127
4d2155db5c4ca1cdb9e5a83d,Scenic Lookout,35.73206592,139.7668328,123,134
4c14748877cea5930bc1d060,Scenic Lookout,35.77576304,139.843432,147,168
4b5d3907f964a520f65629e3,Historic Site,35.67810595,139.797488,93,148
4b640169f964a520ec9a2ae3,Movie Theater,35.67413644,139.7632116,90,132
4c0e2901d64c0f47efab275d,Gaming Cafe,35.64669522,139.801079,75,149
4ca40ba6f832a1cdde21a3e5,Arcade,35.732304,139.7136507,123,110
4c9079a66fbf224b72f4538f,General Entertainment,35.70038332,139.7696972,105,135
4b5c3a6af964a520e52729e3,Arcade,35.62445333,139.7230214,63,114
4d6a28f44c463704a9bcacb3,Pool Hall,35.65033948,139.6472168,77,79
4b56a67bf964a520951728e3,Pool Hall,35.70415581,139.5798719,107,49
4b5a98a5f964a5200acd28e3,Movie Theater,35.76498755,139.8517997,141,172
4b623e69f964a520433e2ae3,Movie Theater,35.53302948,139.694885,12,101
4e97f49d93adc6fb83557d71,Historic Site,35.67664474,139.7859946,92,142
4bcef396ef1095214acf8486,Historic Site,35.67464194,139.7908384,91,145
4b85029cf964a520e74831e3,Bowling Alley,35.73218728,139.7090455,123,108
4f83e82b6d862d31a69ffcda,Bowling Alley,35.625393,139.775641,63,138
4f8f87b8e4b0d414c3023498,Moving Target,35.584868,139.615238,41,65
4b5bf4fbf964a520e61e29e3,Movie Theater,35.6605067,139.7070058,83,107
4ca400ced5a2a143bf8a4e90,Arcade,35.731079,139.7065829,122,106
4b9b5843f964a520ab0136e3,Arcade,35.69544744,139.8168316,102,156
4e9adcf5f5b9d59004b37360,Pool Hall,35.7040774,139.7351396,107,119
4c6387214be3b713063aebe8,Arcade,35.82776513,139.6915564,176,100
4baee7b7f964a520dfe03be3,Historic Site,35.63947377,139.7406596,71,122
4e81b12102d5544612a8c1d8,General Entertainment,35.667037,139.602763,87,59
4bc84a672f94d13a0348137f,Movie Theater,35.53308186,139.6968055,12,102
4b9e1a99f964a520e6ca36e3,Pool Hall,35.64839864,139.7465594,76,125
4c0f31ee15c2ef3b7d631b08,Arcade,35.67068501,139.4781625,89,3
4b6010ddf964a520b8d429e3,Bowling Alley,35.70354378,139.7518578,107,127
4d15e727e190721edad61121,Arcade,35.80252175,139.7256392,162,115
4ca552d244a8224bb034f93f,Arcade,35.80368775,139.7178233,162,112
4c46bc0b417b20a1d068dba9,Other Nightlife,35.74933783,139.8040979,132,151
4d1f8ac070ca60fc21642c5e,Historic Site,35.68056825,139.7530031,94,127
4b82bc31f964a5203be130e3,Historic Site,35.6849604,139.7569674,96,129
4ca5941b44a8224b2d26fb3f,Arcade,35.84575206,139.6257377,186,70
4d02f7daf90a2c0f0e347632,Arcade,35.5785832,139.7351664,37,119
4ee7dcebe300898eefe5223a,General Entertainment,35.67144962,139.7034603,89,105
4de9dfbf52b11677f02cd73e,General Entertainment,35.69947372,139.772667,105,136
4b606ff1f964a520dae529e3,General Entertainment,35.70436055,139.6715176,107,91
4d59fb174d9a721ede25470e,Other Nightlife,35.6976588,139.7092798,104,108
4bd8eafde914a593722555fa,General Entertainment,35.74548475,139.745104,130,124
4f4d0c964fc61d08035cc201,General Entertainment,35.62519242,139.7754264,63,138
4b596ca1f964a520e68728e3,General Entertainment,35.70426907,139.751941,107,127
4e2eb63d1495329632fc8c4b,Nightlife Spot,35.76576654,139.848715,141,171
4b516ff6f964a520424d27e3,Movie Theater,35.695501,139.701021,102,104
4b694ce6f964a5202c9e2be3,Other Nightlife,35.6675189,139.7566536,87,129
4e21943c1495f18f034f7527,Other Nightlife,35.81532689,139.5877045,169,52
4f5c70d6e4b008b1573c9593,General Entertainment,35.70518136,139.6483103,108,80
4d96d53db188721ec1c40037,Bowling Alley,35.559721,139.714377,27,110
4c1274337f7f2d7fd052dd68,Bowling Alley,35.69577854,139.7006249,102,104
4eaaafee29c2152deb68f63d,Other Nightlife,35.66886285,139.761387,88,131
4c54f02d1b46c9b66df75ccf,Arcade,35.70274,139.5791032,106,49
4e391f41b61c438b54831eee,Other Nightlife,35.71035854,139.7734973,111,137
4f900cffe4b0051a3c707c9f,Arcade,35.70830023,139.7715053,109,136
4ca428275720b1f7c90238ef,Historic Site,35.68601483,139.7547144,97,128
4f9022a4e4b0f6229a9eec84,Historic Site,35.69870022,139.6991072,104,103
4b726468f964a52098792de3,Pool Hall,35.71106698,139.7041285,111,105
4b72e30ef964a520908d2de3,Bowling Alley,35.69573933,139.7014913,102,104
4dad2d664b22ee6dec14bb6d,Movie Theater,35.6592925,139.6952713,82,101
4e91a270f5b9f8967d20858b,Arcade,35.73231992,139.7093846,123,108
4b77a437f964a52031a52ee3,Movie Theater,35.6735525,139.7635281,90,132
4b864312f964a520358431e3,General Entertainment,35.67542633,139.7628951,91,132
4b5bccfaf964a520f11629e3,Movie Theater,35.67346534,139.7605133,90,131
4b8121f5f964a520dc9730e3,Scenic Lookout,35.62702379,139.7743964,64,137
4bca8638b6c49c74f4cf9091,Movie Theater,35.69600726,139.7009468,103,104
4d8b43be6daeb60c7b3775e0,Arcade,35.6956028,139.7014657,102,104
4ea4c5ad2c5b5cb4f4fbccd3,Casino,35.6977835,139.775654,104,138
4c57e2a87613b713af5791ea,Arcade,35.71053293,139.7743642,111,137
4c0874085214ef3b982e5e69,Planetarium,35.75289977,139.8433666,134,168
4e4f7ac3ae6051db8dcc7e64,Arcade,35.7783462,139.8023193,148,150
4b6fd2f4f964a52084fd2ce3,Arcade,35.66054776,139.6978998,83,102
4c53a80a72cf0f4710ce36d3,Bowling Alley,35.74981238,139.7992015,132,148
4badc258f964a52077673be3,General Entertainment,35.74188989,139.558163,128,39
4b601162f964a520c9d429e3,Movie Theater,35.67298598,139.7617793,90,131
4c0062c034ccc9287487e1cd,General Entertainment,35.63217289,139.8786352,67,184
4dd88d5fb0fb8af380a37481,Bowling Alley,35.67312543,139.7165787,90,111
4b5ecfbaf964a5207f9929e3,Movie Theater,35.62765821,139.7366846,65,120
4c8c6379c37a6dcb3e41f77a,Arcade,35.71320516,139.7934857,112,146
4e92eacb722e0a4c122fdff5,Bowling Alley,35.80389995,139.7111793,162,108
4b67efc5f964a5207f612be3,Movie Theater,35.73261803,139.7137946,123,110
4bed4d3ee3562d7f38c6fef8,Other Nightlife,35.65994411,139.7015101,83,104
4c62c4204be3b7134fd9dfe8,Gaming Cafe,35.69193245,139.7242677,100,114
4b5ae9daf964a5200dda28e3,Movie Theater,35.75283375,139.5944899,134,56
4bd2876ca8b3a593cd32685f,Historic Site,35.58355466,139.6731886,40,91
4c6a45212c29d13a06660d41,General Entertainment,35.66403045,139.7600892,85,131
4e9019d80aafb4070bcbc735,Arcade,35.626188,139.782225,64,141
4b8175dbf964a52092a730e3,Historic Site,35.6860083,139.7701129,97,135
4b5cd5d3f964a5206f4629e3,Racetrack,35.53234846,139.7107315,12,108
4b81319ff964a520089a30e3,Historic Site,35.68607583,139.7311994,97,118
4ec20d1c8b81127c0c2be90c,Scenic Lookout,35.64986104,139.5418299,77,32
4eeadb066da1b1f7c417692e,Historic Site,35.68189612,139.7328182,95,118
4e647e0ab993678bb772701b,Historic Site,35.69573497,139.7756732,102,138
4b5d3119f964a520175629e3,Movie Theater,35.6749034,139.7614682,91,131
4b793ba1f964a5201df02ee3,Arcade,35.80287416,139.7175336,162,111
4f680233e4b032b74ceb01d8,Movie Theater,35.53254139,139.6962253,12,102
4c012353efa2ef3bf46baa8c,Other Nightlife,35.702708,139.599761,106,58
4b667cfff964a52079222be3,Movie Theater,35.690241,139.702664,99,105
4e0f4ba86365434360091a49,Historic Site,35.68749297,139.715184,98,110
4b7bea02f964a5207a732fe3,Historic Site,35.68885344,139.7540411,99,128
4b5ae439f964a5200bd928e3,Movie Theater,35.66169828,139.6987433,84,103
4f7ba8f0e4b09b8aea8a0b3f,General Entertainment,35.63265229,139.8806607,67,185
4b8f8dc0f964a520ea5733e3,Arcade,35.53058915,139.6995038,11,103
4d5bacf66f6d6ea8888a5cec,General Entertainment,35.691282,139.701992,100,104
4b7f8aaef964a520a93330e3,Arcade,35.69037183,139.702363,99,104
4d6097ee1939a35d4ef223ee,Arcade,35.64685215,139.5637572,75,42
4e046aff62842f8f4742180d,Scenic Lookout,35.72943459,139.7180377,121,112
4b63abf9f964a5202d8b2ae3,Movie Theater,35.69609875,139.8156783,103,156
4d70ca9acbc58cfa011b7772,Other Nightlife,35.6948985,139.793461,102,146
4cd3825b558a3704bad6c1a6,Arcade,35.77061277,139.5646895,144,42
4b720412f964a520376a2de3,Arcade,35.69987145,139.7704563,105,135
4b57ac7df964a520193b28e3,Movie Theater,35.66771719,139.7686404,87,135
4b77c910f964a5206eaa2ee3,Other Nightlife,35.813148,139.583332,168,51
4bc955f1511f95212eaaadc7,Gaming Cafe,35.58788453,139.728933,43,117
4b7f5fdcf964a520db2a30e3,Zoo,35.716339,139.708457,114,107
4c974e30533aa0934e9ad845,Other Nightlife,35.69558571,139.7932984,102,146
4c3ad1065810a5937aabb93c,Arcade,35.70078846,139.4815367,105,4
4e686bc7b3ad5d9197501076,Historic Site,35.68614446,139.7711134,97,136
4c033003310fc9b626a7c561,Scenic Lookout,35.54874179,139.7838974,21,141
4e6466e445ddda352a6c43aa,General Entertainment,35.69066196,139.8330758,100,164
4eec3b9729c28028dd616603,Historic Site,35.65686963,139.7907186,81,145
4b5560e8f964a520d4e227e3,General Entertainment,35.71418299,139.7752333,113,138
4b570c1bf964a520472428e3,Movie Theater,35.65930122,139.6952324,82,101
4e4e30888877402b06b150d4,General Entertainment,35.59988098,139.6123274,49,64
4cd4ea6eb97060fce4b4f07b,Arcade,35.74906355,139.8034769,132,150
4f3cce4be4b0285aa327d856,General Entertainment,35.71407059,139.7757289,113,138
4f954b53e4b059d7db637fff,Other Nightlife,35.679771,139.64054,94,76
4f51ccb0e4b0ddd8f6580326,Other Nightlife,35.68266072,139.7023583,95,104
4b5a5772f964a52096be28e3,Movie Theater,35.65941017,139.6955123,82,101
4c21f3d111de20a1240384ce,Movie Theater,35.63231052,139.8791608,67,185
4e12d8a062e1d997a6abcd7a,General Entertainment,35.58110714,139.6413803,39,77
4dc9205bae60385d11148443,General Entertainment,35.66517325,139.6982696,85,103
4e036e96922e904053288a0d,Other Nightlife,35.64386164,139.7137758,74,110
4f9665f8e4b08598b5fa4e31,General Entertainment,35.7003377,139.7714804,105,136
4d1c25f81cb9a143966bac2b,Arcade,35.75324297,139.7366524,134,120
4b64c261f964a520eecd2ae3,General Entertainment,35.691256,139.70205,100,104
4d0db754be6d6ea84cd306b5,Arcade,35.69897533,139.7706467,104,135
4e57162245dd89e01ce75771,Casino,35.70034782,139.7747104,105,137
4b6cdbc8f964a520a5592ce3,Pool Hall,35.65915933,139.6984939,82,103
4b94726bf964a520dd7934e3,Historic Site,35.67640789,139.7862732,92,143
4f96d192e4b0489d4e353699,Other Nightlife,35.671698,139.762322,89,132
4ec88ce2f5b9e88193dc8266,Arcade,35.8196836,139.5503139,171,36
4b680b49f964a52009652be3,Bowling Alley,35.75294258,139.7388303,134,121
4c5d04a6d25320a15e07c57a,Casino,35.82990864,139.6604922,177,86
4bcaefea68f976b05b296083,Other Nightlife,35.69380934,139.7017139,101,104
4cb92ac343ec6dcb62819b31,Bowling Alley,35.77832619,139.7627746,148,132
4f0c393de4b0065899b7ec30,Other Nightlife,35.67992335,139.77916,94,139
4bfb49d665fbc9b6154a916c,Scenic Lookout,35.66402578,139.7613823,85,131
4bc976afb6c49c7499868e91,Arcade,35.70416881,139.5795959,107,49
4c0b3938bbc676b030534bd5,Casino,35.751805,139.544985,134,33
4c7f841fd860b60cd0fd609d,Bowling Alley,35.600167,139.612443,49,64
4ca55a10f47ea143cab95621,Arcade,35.70167278,139.6960169,106,102
4df8961bfa76e4d6e216b965,Other Nightlife,35.69204,139.739185,100,121
4c3ef54fca012d7fb12230be,Arcade,35.68353338,139.7015954,96,104
4b7d5c8bf964a5203dba2fe3,General Entertainment,35.696898,139.702628,103,105
4bc93e57cc8cd13a2770bbcf,General Entertainment,35.62802666,139.7357726,65,120
4f34a6bbe4b03ada59a317e7,General Entertainment,35.56261329,139.7170351,29,111
4e243c0eb61cdcf1ecd9e64f,Nightlife Spot,35.73030136,139.7070891,122,107
4e130aa2c65b4a49f31b0a3f,Pool Hall,35.668895,139.599505,88,58
4cccf31e32e776b0791ddb27,Arcade,35.7006891,139.5064986,105,16
4bf7c0445efe2d7f4e766934,Other Nightlife,35.65258001,139.5446974,78,33
4b56f65bf964a520d02028e3,Movie Theater,35.55197333,139.5794106,23,49
4efb0f879911b01ddead25be,Casino,35.71334309,139.7049912,112,106
4ee2cf1e7ee5589147f120b2,Casino,35.75943782,139.5291505,138,26
4b5f7878f964a52045bc29e3,Movie Theater,35.7062745,139.580818,108,49
4c85fc74d4e23704e32c8788,Other Nightlife,35.6584308,139.5744708,82,46
4ca48b4ef832a1cdbecca6e5,Other Nightlife,35.553327,139.645585,23,79
4d8b3345bc848cfa043fea2b,Historic Site,35.68038306,139.7656015,94,133
4e85a663d3e374b83e957fce,Other Nightlife,35.72800928,139.7136187,120,110
4d600d76d979ba7aad3bc8c7,Bowling Alley,35.71154334,139.6980651,111,103
4f9ac629e4b020e60e7bdb24,Moving Target,35.744421,139.81048,129,154
4b6d7e60f964a5202b782ce3,Movie Theater,35.70292513,139.5807503,106,49
4e54a0dc18a8071bc7ee2af5,Gaming Cafe,35.6941173,139.7025639,102,105
4d02b5017d9ba35d37375b23,Arcade,35.73271497,139.7146112,123,110
4ed16c31be7b9eece13e387d,Historic Site,35.69097251,139.7001942,100,104
4b64e166f964a52011d72ae3,Racetrack,35.63136657,139.8787344,67,184
4e59bbe5d4c0ba8c11a31822,Historic Site,35.69426287,139.7951882,102,147
4b6d81aef964a520f3782ce3,Arcade,35.64771964,139.7467455,76,125
4d76d6f04e81a14361d4a6e4,Historic Site,35.69331921,139.794293,101,146
4f6a980ee4b0454e848ce4d3,Historic Site,35.68621661,139.7580827,97,130
4f6a9853e4b09b90a9bae360,Historic Site,35.685927,139.757836,97,130
4d5cbcf0935e60fc6e2939c0,Racetrack,35.66652741,139.4846427,86,6
4b7f9702f964a520b83530e3,Bowling Alley,35.53197303,139.6371531,12,75
4b7375b3f964a5209baf2de3,General Entertainment,35.63863889,139.7892559,71,144
4f654701e4b0272f2ce1a2c5,Casino,35.72899823,139.7129653,121,109
4c9ae808292a6dcba936d376,Arcade,35.554761,139.57833,24,48
4f49f509e4b0b1e3517e059a,Gaming Cafe,35.66016992,139.6979604,83,103
4eacea60dab4a75e09e4b375,General Entertainment,35.69601366,139.759665,103,130
4c089ed5bbc676b0e0e746d5,Arcade,35.69170285,139.7707084,100,136
4b696c12f964a520bba12be3,Movie Theater,35.69501831,139.7608352,102,131
4f77b6dde4b087957af3b94d,Historic Site,35.67199123,139.5993341,89,58
4e09b2a9d22d658532b41687,General Entertainment,35.62639529,139.8869078,64,188
4b6ae511f964a520a5e52be3,Other Nightlife,35.81924915,139.6814901,171,95
4c4278bfda3dc92848a7cab9,Bowling Alley,35.7328793,139.7134137,123,110
4b5b0412f964a52002df28e3,Movie Theater,35.66592598,139.6427321,86,77
4f9c0225e4b01da4ffce12a2,Other Nightlife,35.612892,139.547733,56,34
4b8b583df964a520e89c32e3,Historic Site,35.70975324,139.7671276,110,134
4b5ac3c7f964a520b5d328e3,Movie Theater,35.7298267,139.7156936,121,111
4b55441cf964a5204ae027e3,Movie Theater,35.67546991,139.7705984,91,135
4edc8979722e1da304c72777,Zoo,35.71406401,139.7682505,113,134
4ee2a6b899119449ff51e40a,Historic Site,35.6644783,139.6109924,85,63
4bdcf640d71aa5934dd53329,General Entertainment,35.66490615,139.6960759,85,102
4f9c95f2e4b061449320cb28,General Entertainment,35.63144258,139.798969,67,148
4dcf62d9887785124410f7cf,Racetrack,35.66568192,139.4834948,86,5
4e8522a6a17cd14ccd75f7e0,Scenic Lookout,35.71007993,139.8106706,110,154
4f9c86bce4b0ef2f70ee7f75,General Entertainment,35.63076578,139.7963469,66,147
4b64ce0bf964a52072d12ae3,Movie Theater,35.74685621,139.8006552,131,149
4e977cb1dab441d104145a7a,Historic Site,35.6974528,139.7708713,103,136
4ba1e2d4f964a5208fd037e3,Movie Theater,35.62810514,139.7742891,65,137
4ba0de80f964a520688337e3,Arcade,35.70172941,139.6982807,106,103
4bdcefbfc712b71347d463b4,General Entertainment,35.67412772,139.6675909,90,89
4ca72ff0d971b1f7d33b07e1,General Entertainment,35.698307,139.77151,104,136
4b56c4e0f964a520c71a28e3,Gaming Cafe,35.70113151,139.7773757,105,139
4b73efdff964a520d7c02de3,Movie Theater,35.63393027,139.8863196,68,188
4f01c7b50e01089c57614707,Casino,35.66007679,139.6979156,83,102
4c3f50ec15e8ef3bd16c300e,General Entertainment,35.66632,139.760725,86,131
4ba21b77f964a52027dc37e3,General Entertainment,35.66174852,139.6980634,84,103
4e33c37afa76f00388c4e20c,General Entertainment,35.70058062,139.7045922,105,106
4cd28cfaa60d224b53c92fd1,General Entertainment,35.71112699,139.7041135,111,105
4ef714469911b01ddb465dc4,Historic Site,35.70042713,139.7708663,105,136
4e2a57848877b69d49d4b74f,Scenic Lookout,35.67480318,139.7640646,91,132
4b5bdf9cf964a520f81a29e3,Other Nightlife,35.53273262,139.696033,12,102
4bd8f6622e6f0f47e8630908,General Entertainment,35.69810492,139.7738814,104,137
4cafdafbef1b3704b72e3600,Arcade,35.6110808,139.7487411,55,126
4f7fb187e4b088077e171ac1,Arcade,35.68989826,139.7020741,99,104
4c132ff6127f95213aa32425,Other Nightlife,35.77985942,139.720387,149,113
4b88e5dff964a520861232e3,Movie Theater,35.67485111,139.76915,91,135
4bb83375cf2fc9b6db639f02,Bowling Alley,35.78625264,139.6733415,153,91
4c6cbde046353704936907bc,Scenic Lookout,35.65856026,139.7454768,82,124
4fa13a1be4b08c9b81da3f1e,Other Nightlife,35.68168374,139.6271217,95,70
4c4a815ac668e21e7d0eb9f8,Zoo,35.67083318,139.8581243,89,175
4dfdef8a183853f2cb55d51f,General Entertainment,35.52848548,139.6982297,10,103
4ecc43ae6da1d506e8786d7e,General Entertainment,35.68882954,139.7019589,99,104
4b57e34cf964a5202f4528e3,Movie Theater,35.7116088,139.7082263,111,107
4ef3ac44469075d093fe9318,Gaming Cafe,35.68379565,139.7015555,96,104
4e3288e388776e6696f8c233,Other Nightlife,35.70892128,139.773581,110,137
4ea3b255be7ba4918ecb275e,Other Nightlife,35.69836397,139.775694,104,138
4cd2c74421d946881961ec90,General Entertainment,35.66093131,139.6954429,83,101
4ef54f56469075d095a5508c,Historic Site,35.7326174,139.7988541,123,148
4b5f9016f964a520d6c129e3,General Entertainment,35.73868546,139.6541369,126,83
4b62e80df964a52040582ae3,Arcade,35.53138368,139.7002172,11,104
4e686c83b3ad5d9197502353,Historic Site,35.68206915,139.7779231,95,139
4fa4aa61e4b0a34ac702ed06,Historic Site,35.700735,139.560957,105,40
4b5ae951f964a520f2d928e3,Movie Theater,35.60253237,139.5071518,51,16
4b92e88af964a520122634e3,Bowling Alley,35.77658272,139.6786416,147,94
4bc4132df8219c748bf7b610,Bowling Alley,35.65769725,139.5676947,81,43
4b6b8f8ef964a520f60f2ce3,Historic Site,35.68974444,139.7578847,99,130
4b7c1ab9f964a520267d2fe3,Historic Site,35.6874091,139.7545695,98,128
4f8ce154e4b0a66dd3879ba8,Historic Site,35.68674,139.754461,97,128
4b700102f964a52008032de3,Pool Hall,35.70533,139.619023,108,67
4f0ed0f1e4b0354498ce0a05,Historic Site,35.53562215,139.7260385,14,115
4b6e9f06f964a52048c42ce3,General Entertainment,35.61751485,139.744392,59,124
4b641ceaf964a520aa9f2ae3,Movie Theater,35.70539244,139.6349854,108,74
4b766cf8f964a520fc4b2ee3,Movie Theater,35.54364557,139.5727158,18,46
4b7dfabef964a52049dd2fe3,Movie Theater,35.67352199,139.7627288,90,132
4f3dfa01e4b0a4b0825dbe5d,Scenic Lookout,35.61652759,139.8327317,58,164
4e39310a887777123dd00a60,Other Nightlife,35.709231,139.77596,110,138
4c02165e8ef2c9b6d29a16fc,Scenic Lookout,35.71078125,139.8139045,111,155
4bd2ce09046076b0e09d7471,Arcade,35.78901154,139.8032248,154,150
4e672f14e4cdfdecb02e55cd,Scenic Lookout,35.61738686,139.7802973,59,140
4bed4264e3562d7f3eb5fef8,Arcade,35.56284657,139.7148031,29,110
4f4c5d93e4b0cb12b7fdf734,Historic Site,35.69444181,139.7653203,102,133
4f3e9999e4b0ba4c5494f0aa,Other Nightlife,35.726691,139.539269,120,31
4d5cbc20935e60fc1d2339c0,Racetrack,35.66446597,139.4809413,85,4
4c1d2a91b4e62d7f104cdc93,Other Nightlife,35.67121232,139.7170441,89,111
4be690fc2468c9281b800143,Other Nightlife,35.60780578,139.731228,54,118
4b7ffa0af964a520174830e3,Arcade,35.71267159,139.7033849,112,105
4b7e913cf964a5201bf32fe3,Zoo,35.690902,139.784754,100,142
4b85dcbef964a520cb7631e3,Arcade,35.75290787,139.7383013,134,121
4ee21687be7b2be76053f593,Historic Site,35.69714899,139.6689886,103,89
4b7bb00df964a520e66a2fe3,Arcade,35.582547,139.662279,40,86
4b6cdffff964a520e55a2ce3,General Entertainment,35.655674,139.653913,80,83
4b89b7c8f964a5201f4d32e3,Arcade,35.6344055,139.8794317,68,185
4c4febe5d49d76b08edaf87a,Casino,35.6928269,139.7006598,101,104
4c31735816adc92897b8c09c,Gaming Cafe,35.76355221,139.823862,140,160
4ed1ed7c6c2510ace2d12e7c,Historic Site,35.58747446,139.6291146,42,71
4f9beab2e4b0ad38556db3d4,Other Nightlife,35.77019324,139.8718189,144,181
4eaea187e300f9b919bf85b3,Casino,35.67347196,139.666168,90,88
4ba6d337f964a520d47139e3,Movie Theater,35.71460919,139.7933654,113,146
4fa7074de4b0baf7ce801821,Moving Target,35.680021,139.768938,94,135
4e6d6c1b8877d6d0b0cda410,Historic Site,35.67062586,139.7486453,89,125
4e8ac7006c25a192d554a3e8,Historic Site,35.71423581,139.7971121,113,147
4f877ffee4b01832040d48ba,Moving Target,35.667922,139.629289,87,71
4eca3f8f93ad413390043262,Historic Site,35.66746006,139.7610819,87,131
4dd686ab1f6ee146830b3f28,Nightlife Spot,35.780066,139.720762,149,113
4b6d1309f964a520bd652ce3,Movie Theater,35.70074707,139.7583729,105,130
4e75aafc2271ffa4e70a0d28,Arcade,35.71425486,139.7037564,113,105
4b87ab6af964a5207fc631e3,Bowling Alley,35.626396,139.783205,64,141
4e4f8a9fa80997aa8a3a1941,Other Nightlife,35.69356754,139.707596,101,107
4c773a4159a3236a3260c118,Arcade,35.76387337,139.6638787,140,87
4c8b66d52e3337044988cc41,Bowling Alley,35.80331134,139.556417,162,38
4e80c4fe49011a3d2342d5ea,Nightlife Spot,35.59753157,139.6084291,48,62
4b6e2b89f964a52060af2ce3,General Entertainment,35.68212726,139.7438947,95,123
4f6ab454e4b0a9c2c10df72c,Zoo,35.715999,139.771314,114,136
4facff666d866e7143cac536,General Entertainment,35.66725087,139.6966767,87,102
4b87734af964a520a5bf31e3,General Entertainment,35.58592139,139.7394848,42,121
4cff1b2bf7b38cfac198c7c3,General Entertainment,35.68167502,139.7431433,95,123
4e43ba2dae605a14b7dd0ae2,Arcade,35.75307812,139.5947099,134,56
4baeccb7f964a5200fd93be3,General Entertainment,35.75937532,139.6287299,138,71
4c47fb69d012ef3b18c41ca0,Historic Site,35.68069897,139.7931665,94,146
4dbbb0e3fa8cee727338e501,Zoo,35.7914962,139.6610865,156,86
4b5bc184f964a520661429e3,Racetrack,35.52895989,139.7098533,10,108
4ca566ab76d3a093a8f8f76a,Arcade,35.82910472,139.6921492,176,100
4bb3488414cfd13ae4ce15ab,Historic Site,35.68141749,139.7323469,94,118
4b653ee4f964a52069ea2ae3,Movie Theater,35.63481076,139.7147942,69,110
4b752521f964a52013ff2de3,Movie Theater,35.67350892,139.7627234,90,132
4cea80f8f86537048d35bdc4,Other Nightlife,35.69764749,139.7743535,103,137
4c3b0c9cd94dc9b6d819ffe7,General Entertainment,35.681092,139.7021556,94,104
4e84422a9adffd3a44ed56f6,Nightlife Spot,35.80243317,139.7177783,162,111
4f5c0fcae4b0d8f7b6a36dd1,General Entertainment,35.69962389,139.7689344,105,135
4ef2fec42c5b44d262ca672a,Other Nightlife,35.66251393,139.8753495,84,183
4badcbe9f964a520b8693be3,Gaming Cafe,35.70270412,139.7707151,106,136
4ba035fef964a520cd6137e3,Arcade,35.70247869,139.5798773,106,49
4f41cb31e4b0740e7c40e5cd,Historic Site,35.66244204,139.7511156,84,127
4cb2920cdb32f04d623dd14d,Scenic Lookout,35.61117238,139.5609301,56,40
4b5ba292f964a5209e0c29e3,Racetrack,35.74203497,139.8098481,128,153
4f724243e4b04e3546ae2333,Historic Site,35.67645804,139.7560165,92,129
4b7619fef964a520c43c2ee3,Arcade,35.709165,139.666314,110,88
4b5c144cf964a520762329e3,Pool Hall,35.66108604,139.6985248,83,103
4b64f016f964a5200adb2ae3,Zoo,35.54930994,139.6662278,21,88
4fa0ef9a6b740f69d843fe61,Other Nightlife,35.67331718,139.7615969,90,131
4c5a7462ec2520a1fb965112,Arcade,35.83423672,139.6010238,179,59
4c6399b54be3b71331fbebe8,Arcade,35.83439401,139.6681315,179,89
4c4ee37ef53d0f47a3d242a7,Other Nightlife,35.634368,139.716471,68,111
4e8afa52b63423c020ef483c,Pool Hall,35.637826,139.578905,70,49
4d78aca5a56e3704dc886e67,Historic Site,35.77529407,139.6959361,147,102
4eaf8ac2775bbddde75cb2f5,Historic Site,35.65977615,139.6220419,82,68
4d54be39e7f1a1cd7ac3f2a4,Arcade,35.75306855,139.5474147,134,34
4bb70369941ad13aef3920e3,Casino,35.67318208,139.763689,90,132
4c63733079d1e21ea0d3d815,Casino,35.67617585,139.7708935,92,136
4b93700df964a520e34334e3,Racetrack,35.64241866,139.5333034,73,28
4d295765342d6dcbc97902cb,Arcade,35.72097674,139.7803423,116,140
4d97e110647d8cfa39e4e13d,Casino,35.72952765,139.7120826,121,109
4b5a3f18f964a52042b728e3,Movie Theater,35.69560428,139.7008798,102,104
4e32500c6284e2699945e8b1,Historic Site,35.69134777,139.7464854,100,125
4b57e688f964a520b14528e3,Arcade,35.68473819,139.863891,96,178
4cee4882d7268cfa8ce9c84e,General Entertainment,35.691384,139.715486,100,110
4b7775a0f964a520bf9b2ee3,Aquarium,35.62775632,139.735043,65,119
4efea79761af974bccf3cb8f,Arcade,35.83288331,139.7074995,179,107
4c9471e7c8a1bfb7e4141ff3,Arcade,35.78661383,139.613834,153,64
4fb2513ae4b0abe396cb550e,Historic Site,35.53118318,139.6968835,11,102
4f55d4ace4b05b4bc3afe877,Historic Site,35.5367508,139.6339594,14,73
4d099a8a90468eec0d815497,Bowling Alley,35.61603498,139.5645243,58,42
4f8f93b6e4b040e3a79d734b,Historic Site,35.68564884,139.7577284,97,130
4e8d76a89a524ea86d2d0f60,Historic Site,35.68382688,139.7700127,96,135
4f1b9c1fe4b0a62719478867,Scenic Lookout,35.68627072,139.7565505,97,129
4b715931f964a52037422de3,General Entertainment,35.616258,139.564084,58,42
4fb34da0e4b00cf2a9975456,Zoo,35.72919731,139.7188906,121,112
4bade5c1f964a520d1703be3,Arcade,35.739548,139.855571,127,174
4bc2ceeb2a89ef3b0a3ef488,Arcade,35.67089766,139.7976404,89,148
4c41add2cc410f470e80ab61,Pool Hall,35.70170981,139.6996191,106,103
4bd3f76a462cb713279adf07,General Entertainment,35.66160705,139.6690741,84,89
4dd67b1345ddced8206e4672,Nightlife Spot,35.66856072,139.7674019,87,134
4f92741de4b015eb3ce76744,Historic Site,35.57507194,139.6633375,35,87
4b84ef5ff964a520e14731e3,General Entertainment,35.68164888,139.743154,95,123
4e7c2c5618388dda68a333cd,Gaming Cafe,35.772936,139.518554,145,21
4c70ad09d7fab1f734775fc9,General Entertainment,35.714896,139.7935313,113,146
4c4bd45fc668e21e0f7b9dfa,General Entertainment,35.73160773,139.718322,122,112
4cb2a310c5e6a1cd6221e7f6,Gaming Cafe,35.71467299,139.7931746,113,146
4cfae941fabc2d4327d7dbd2,Planetarium,35.70459143,139.6711206,107,90
4c4651729be820a147887993,Racetrack,35.81937911,139.7248507,171,115
4b664874f964a520171c2be3,Movie Theater,35.70142175,139.7427926,106,123
4bd7ff2ae914a593cc4552fa,Aquarium,35.70987956,139.8097372,110,153
4bc18d4dabf49521d942c193,Movie Theater,35.66127563,139.7001743,83,104
4dac17c91e72c1ab9c16df44,Scenic Lookout,35.64364367,139.6690285,74,89
4d721a01f7c38cfa22dba03d,Other Nightlife,35.65137829,139.5443748,78,33
4e2243cf45dd950bb02e9918,Arcade,35.73235676,139.7092348,123,108
4c935d82d2e1a143500cd226,Other Nightlife,35.7082374,139.7727898,109,136
4c259f04905a0f47e1f16160,General Entertainment,35.64765902,139.696755,76,102
4e75bfe2d1643f93b20fda7c,Scenic Lookout,35.63556561,139.7669177,69,134
4c810d2951ada1cd18dd0e10,Movie Theater,35.71513686,139.7931772,113,146
4b5c0443f964a5204e2129e3,Other Nightlife,35.70713847,139.7730679,109,137
4e0d4823483bc2b5f476b503,Scenic Lookout,35.640647,139.85942,72,176
4ea3b9820aaf711181289b11,Movie Theater,35.68987346,139.7045823,99,106
4c4bb662f7cc1b8dde3f3f40,Movie Theater,35.70309108,139.5806956,107,49
4e7d4b284fc6527560a7fbc1,Casino,35.7048615,139.6173531,107,66
4fbad0ece4b07663119a513d,Historic Site,35.71280289,139.7866211,112,143
4fb9fcfae4b07e915b3011ca,Moving Target,35.76176071,139.5058899,139,15
4b7c9ae3f964a520659d2fe3,Historic Site,35.682883,139.764379,95,133
4e859385823191ce4e93aa8b,General Entertainment,35.66367102,139.6990424,85,103
4b990295f964a520b35b35e3,Planetarium,35.71014962,139.8118079,110,154
4fa33df3e4b047f0eaa3826f,Casino,35.69649188,139.5527911,103,37
4c79480376ce9c748940aa0c,Historic Site,35.5377353,139.6987903,15,103
4f0a49d7e4b09a8a40e4928a,Historic Site,35.5942373,139.5915844,46,54
4f24b284e4b0d10db0ccbf26,General Entertainment,35.62623419,139.7820499,64,141
4ee18f3261aff90fe3c17f89,Other Nightlife,35.58244067,139.7555922,40,129
4c42a62da48d9c749ced0c40,Arcade,35.713698,139.703587,112,105
4db53dc40cb6729b6aa12371,Historic Site,35.69309826,139.7781254,101,139
4b598d00f964a520258c28e3,Arcade,35.58972247,139.728009,44,116
4bd6a33f6f649521602471ec,Bowling Alley,35.62827302,139.7359389,65,120
4dca67cde4cde9e42f84b1ff,Arcade,35.58916587,139.72756,43,116
4d17562abb64224b28a0bf65,Arcade,35.56209196,139.7184117,28,112
4cb2a028db32f04d8597d14d,Arcade,35.563634,139.714974,29,110
4bf52b6dcad2c928a7ad9c99,Other Nightlife,35.66109911,139.7137731,83,110
4f323ef5e4b0bdfc05c42b6f,Other Nightlife,35.6652968,139.7553776,86,129
4eed52d9b8f76a24a513a3d3,General Entertainment,35.55387426,139.5792575,24,49
4b7a951af964a5202e322fe3,Casino,35.7327356,139.7136551,123,110
4c75f2cbb474a1cdece0babf,Historic Site,35.66845807,139.727447,87,116
4fc07d3de4b05b8502c126d2,General Entertainment,35.73177555,139.7094943,122,108
4b5d3bfff964a5204f5729e3,Historic Site,35.66368583,139.7725511,85,136
4f768a03e4b0e8caa4f5d3bd,General Entertainment,35.66492879,139.526958,85,25
4ed5f28102d570286d7414a9,Other Nightlife,35.69473601,139.815189,102,156
4fbac919121d47491a1bde43,General Entertainment,35.71003365,139.8107082,110,154
4e7c0983b8f75791259dcb62,Historic Site,35.67434079,139.8361,91,165
4bf8a2a35317a593623b007f,Racetrack,35.66615219,139.484233,86,6
4fc0a2f9e4b07e3cd92b93e2,General Entertainment,35.6672683,139.6971059,87,102
4fb4acd3e4b06fa0ebcb9f87,Scenic Lookout,35.71009904,139.8107023,110,154
4b56757df964a520461128e3,General Entertainment,35.63311931,139.7905219,68,144
4f10feb6e4b0aabf174c09d7,Movie Theater,35.6096852,139.5731878,55,46
4b651b6af964a5207be42ae3,Casino,35.66135844,139.7580886,83,130
4d5a5c788492a143c0213227,General Entertainment,35.64466377,139.5399392,74,31
4bc5420f6a3e9c7475bcf548,Historic Site,35.62131154,139.7421509,61,123
4f9cade9e4b0b34c441155a3,Historic Site,35.61857487,139.7436402,60,123
4b7cce1df964a5200ca62fe3,Planetarium,35.72907333,139.7202104,121,113
4d0763d29d33a1430e85cb78,Arcade,35.63383435,139.7177267,68,111
4ed197555c5c9528fac3f996,Historic Site,35.60538691,139.7424028,52,123
4fc2033de4b0d5162545342a,General Entertainment,35.67705536,139.757019,92,129
4d10a224cf09a14382372d0f,Other Nightlife,35.70208336,139.5788231,106,48
4dd12c46183899ddfb15839a,Pool Hall,35.67140099,139.702837,89,105
4e956d01f790e89d380fd452,Historic Site,35.66333173,139.7737868,84,137
4b559b82f964a520dfe827e3,Movie Theater,35.70634985,139.6844448,108,96
4fc2ccdfe4b071420f369908,Casino,35.79384613,139.7909698,157,145
4b56b805f964a520731928e3,Movie Theater,35.69190326,139.7057641,100,106
4f2b7879e4b0ebf4281f756e,Historic Site,35.69782127,139.7070307,104,107
4b7ec585f964a52027fe2fe3,Scenic Lookout,35.72923121,139.9060305,121,197
4c94b167c8a1bfb71c3d20f3,Arcade,35.67806882,139.9081096,93,198
4fbad233121d47491a1cf8b4,Scenic Lookout,35.71003365,139.8107082,110,154
4cd4ee92a5b346884c298b50,Arcade,35.6132959,139.6264092,57,70
4fbad359121d47491a1d2111,Scenic Lookout,35.71003365,139.8107082,110,154
4fbad492121d47491a1d4749,Scenic Lookout,35.71003365,139.8107082,110,154
4b8ba917f964a520fba532e3,Other Nightlife,35.65637002,139.7138456,81,110
4eeda1936da153687ae9ec89,Arcade,35.69904156,139.7758448,104,138
4f2fba53e4b0118a881c8e72,Other Nightlife,35.66906918,139.6498697,88,81
4e1939c16284ea724700c4af,Historic Site,35.71336414,139.5612359,112,40
4b935d6cf964a5207e4134e3,Movie Theater,35.69570666,139.7578204,102,130
4def74aad22ddfee16f73d9c,Moving Target,35.65619574,139.7032359,81,105
4f40b42ae4b0bf54c93004c6,Moving Target,35.62654,139.570055,64,44
4dd23bcd1f6ef5f6cccf82d4,Movie Theater,35.6598534,139.7024979,83,105
4fc8b1b6e4b0665181dbc453,Other Nightlife,35.629673,139.737808,66,121
4eb91a66469073bbc7ad5c95,Historic Site,35.52810077,139.7002291,9,104
4fc06b72e4b06229f906aad1,Historic Site,35.700129,139.766522,105,134
4fb8846ce4b021353c341b23,Zoo,35.71233546,139.7720395,112,136
4b52d763f964a5201b8927e3,Movie Theater,35.65962329,139.7025927,82,105
4b69211ff964a520ee992be3,Movie Theater,35.65966793,139.7025029,82,105
4e01ab4462e12fb0893b13bb,Arcade,35.69115934,139.7711181,100,136
4c517aa49d642d7f983d9add,Other Nightlife,35.67288243,139.7373683,90,120
4dd215b0d4c0febf0fddf124,Arcade,35.83764227,139.6511472,181,81
4f6a54dfe4b035712356ee9f,Historic Site,35.71101919,139.7915126,111,145
4f9fb81ee4b0db1b85750a8c,Zoo,35.5499649,139.7897034,22,144
4bd6f99a637ba59364fef870,Movie Theater,35.67035381,139.7664919,88,134
4cc02a14021ca1431166600c,Other Nightlife,35.66039521,139.7030979,83,105
4f5c1f28e4b0695cbad3c279,Movie Theater,35.66759069,139.6077222,87,62
4eaa3a78b803cf1ffb0671e0,Historic Site,35.66934263,139.804703,88,151
4e75b82daeb780be0a589c38,Scenic Lookout,35.549126,139.783495,21,141
4d296ba6342d6dcba23b03cb,Arcade,35.77050265,139.8715239,144,181
4e88734cf79002e6ac6cd888,Arcade,35.69368093,139.7027073,101,105
4d568082b4deb1f76c6a117a,Arcade,35.65163411,139.5457059,78,33
4b5d026bf964a520bb4e29e3,General Entertainment,35.794086,139.668249,157,89
4b793e22f964a5207af02ee3,Historic Site,35.69015835,139.7556317,99,129
4f683f03e4b0f8b5d42fb002,General Entertainment,35.69651048,139.7009521,103,104
4f8f6ba3e4b0f6229a098704,General Entertainment,35.62464523,139.885437,63,188
4fb61750e4b03f88364e5b07,Other Nightlife,35.68209613,139.7669476,95,134
4f9a04b6e4b066b3d2ded808,Racetrack,35.59229977,139.7396185,45,121
4d5ba41bfb186dcbbeb8f59a,Arcade,35.68586124,139.782258,97,141
4bc2601e74a9a5937c45d3f6,Pool Hall,35.6397315,139.6310159,71,72
4bc6948b424195216576041d,Other Nightlife,35.662049,139.73382,84,119
4fcf10c8e4b0f54f28f91a02,General Entertainment,35.693088,139.749372,101,126
4c77ac18f247370404b166eb,General Entertainment,35.71598618,139.6936083,114,101
4c61206a13791b8d3a2451af,Arcade,35.708293,139.773757,109,137
4dd26ac2d4c0febf0fe495f3,Nightlife Spot,35.64762809,139.6938336,76,101
4d4569131911a09370fae1d8,Pool Hall,35.83017986,139.821029,177,158
4f5ad0b9e4b03a6a10e79c8e,Casino,35.71443349,139.7039789,113,105
4f423aaae4b080aa7a1013ac,Other Nightlife,35.646555,139.709002,75,108
4b93a4aff964a520604b34e3,General Entertainment,35.642539,139.608901,73,62
4ebd148eb6341bd7890dc8e8,Other Nightlife,35.713908,139.704781,113,106
4d023afe0dae3704b4a3c842,General Entertainment,35.64602099,139.7094943,75,108
4bd50f926f649521e8a46eec,Other Nightlife,35.70512287,139.650768,108,81
4fb0d780e4b0664ab85c7ce2,Zoo,35.73003747,139.7091502,121,108
4badce7bf964a5206d6a3be3,Arcade,35.7796183,139.7250706,149,115
4e577b71c65b2197869d1bb0,Nightlife Spot,35.68271016,139.764911,95,133
4f1b7f0be4b0288a032e97ec,Movie Theater,35.53227466,139.696325,12,102
4ba6bda2f964a520ac6c39e3,General Entertainment,35.65430613,139.7054958,79,106
4c317c7ded37a5933f7e6a03,Gaming Cafe,35.76223668,139.823051,139,159
4fd3337fe4b0abd664cbae1d,Other Nightlife,35.70207136,139.5819247,106,50
4e596e73483b865169df7d23,Other Nightlife,35.71740295,139.781975,114,141
4f114685e4b0804e8a2684aa,Casino,35.6723754,139.4776011,89,3
4b88df45f964a5205f1132e3,General Entertainment,35.719513,139.653777,116,82
4c8c769055fba0936a2160ab,Bowling Alley,35.52776871,139.7066982,9,106
4f6ab828e4b018b416d6da36,Zoo,35.71518752,139.7702224,113,135
4b822d3ff964a5206dcc30e3,General Entertainment,35.66653782,139.771725,86,136
4d16da3ae190721e0c2e1721,General Entertainment,35.71119501,139.7039482,111,105
4dc14977d22da015334b61ae,Nightlife Spot,35.58742628,139.7287273,42,116
4c2c86a88ef52d7fa2fd32ba,Casino,35.53621549,139.6337701,14,73
4ef54f28b8f77e0f98d59a59,Historic Site,35.73243331,139.7988042,123,148
4cfb89b5084f5481e9ab8109,General Entertainment,35.66594287,139.6401002,86,76
4f2d096de4b0bd78b6636bdb,General Entertainment,35.63344818,139.8806907,68,185
4dc764e37d8b14fb465a77de,Scenic Lookout,35.58423597,139.6452466,41,79
4ba9ef88f964a5208d3e3ae3,Other Nightlife,35.65769507,139.7544649,81,128
4c42f69c3735be9a6dbb1aa4,Movie Theater,35.67024812,139.7664035,88,134
4b9b3ee6f964a52002fc35e3,Movie Theater,35.69588689,139.7011167,103,104
4d12e4fc12916dcbacedd98a,Pool Hall,35.7013105,139.77174,106,136
4b766978f964a520804b2ee3,Arcade,35.71641695,139.8585487,114,175
4fd74024e4b0e8d36e3400c1,Other Nightlife,35.72986383,139.7151249,121,110
4c2cbb6ef7acef3b96a5ed0c,General Entertainment,35.65231629,139.5463349,78,34
4e5898f3b993732579dc98f8,Historic Site,35.77860453,139.7852804,148,142
4f547e11e4b09298101066ea,Moving Target,35.672005,139.797785,89,148
4cad6ee98b57a1cd27e49775,Zoo,35.70039639,139.5753604,105,47
4e579f87d22d61e8f33c3913,Arcade,35.695808,139.792878,102,146
4b9b6547f964a520b30436e3,Arcade,35.66547709,139.8352048,86,165
4fbac42d121d47491a1b4474,Scenic Lookout,35.71003365,139.8107082,110,154
4b5db36bf964a5207c6729e3,Pool Hall,35.64830377,139.7105438,76,108
4ee848e330f83ed82abd77b2,General Entertainment,35.671329,139.811749,89,154
4fdab0fee4b061c120a76cc9,Casino,35.73236856,139.7119729,123,109
4fdb225ee4b0a4cb4d85cdee,Casino,35.6663475,139.7574158,86,129
4fda9daae4b0631afd0ef943,Casino,35.56402079,139.7155538,29,110
4b74d164f964a520baf32de3,Movie Theater,35.66965108,139.7545347,88,128
4fdb418be4b0d1917d78a5a8,Arcade,35.75139929,139.8033543,133,150
4e367bed45dd1c42bf291d2e,Other Nightlife,35.68933791,139.832057,99,163
4f923e404fc64a08ffd42273,Historic Site,35.80182128,139.6488476,161,80
4fc1da71e4b0852f4c478290,Casino,35.5241342,139.6786377,7,94
4f800ccbe4b0c7b854b1c04e,General Entertainment,35.77042992,139.5631424,144,41
4b6f8c5bf964a5203ef52ce3,Historic Site,35.73400312,139.9018703,124,195
4b6d2c32f964a520006a2ce3,Gaming Cafe,35.52444689,139.6108227,7,63
4e7c305e45dd56ec03e57f3c,Gaming Cafe,35.77303409,139.5183876,145,21
4fddc840e4b065404602fd15,Other Nightlife,35.69940406,139.773013,104,137
4b59adbaf964a520539228e3,Other Nightlife,35.68547727,139.784153,97,142
4bb696a72f70c9b6ebb28530,Historic Site,35.650873,139.686771,78,97
4cdf6d6baba88cfa325249d7,Pool Hall,35.69612,139.759534,103,130
4b9b595ef964a520e90136e3,General Entertainment,35.73027469,139.7688717,122,135
4c0324c0187ec9283e57b57b,Arcade,35.58860625,139.7274602,43,116
4fe289a4e4b01d3669d8e501,Casino,35.73252239,139.7134591,123,110
4eb3f657cc2143e8275319c6,Other Nightlife,35.716656,139.69407,114,101
4b81f345f964a52014c530e3,Other Nightlife,35.67202289,139.7678679,89,134
4fe29b74e4b0601ba3475972,Casino,35.73218918,139.713623,123,110
4de917231f6e9b53771db0f7,Arcade,35.53742766,139.7413898,15,122
4c5d2fbc85a1e21ea7c25811,Historic Site,35.676773,139.796961,92,147
4fe2d5f8e4b02209bdbb16ae,Casino,35.73706436,139.6725159,125,91
4bb31a4414cfd13a6ba415ab,General Entertainment,35.680979,139.801674,94,150
4bfba3a265fbc9b6429a916c,Other Nightlife,35.6624936,139.7263428,84,115
4fe2edb5e4b03b7a3e0bca8c,Arcade,35.60062035,139.614304,50,65
4b694934f964a520c69d2be3,Other Nightlife,35.664331,139.667238,85,89
4fe2f47ee4b0b1a277da1d8c,Casino,35.6929245,139.7020569,101,104
4fb887ace4b090680ec8537e,Historic Site,35.70101166,139.5649731,105,42
4f719258e4b01f4e1bfb3c55,Moving Target,35.746217,139.712252,130,109
4b9c9f65f964a5203f7336e3,General Entertainment,35.752741,139.738454,134,121
4c04a0f70b8eef3bdef4b882,Arcade,35.6624934,139.5840995,84,51
4bb6ff39941ad13afc3620e3,Arcade,35.70504085,139.6498298,108,81
4c06355c5753c928ad813af1,General Entertainment,35.70382475,139.7518229,107,127
4b67ea88f964a520f7602be3,General Entertainment,35.66784358,139.7610176,87,131
4e444c092271bdbcf6727ab8,Gaming Cafe,35.66130336,139.667683,83,89
4cb28f3d5430b7138e8d3816,Arcade,35.664593,139.8577429,85,175
4fe6893be4b0c7d6bb4c7aff,General Entertainment,35.637189,139.499718,70,13
4d2f051d94013704093febda,Other Nightlife,35.545956,139.566471,19,43
4e6c21d08877ce9597dd6495,Historic Site,35.66707463,139.7762881,87,138
4be87795c5220f475bc6a9ca,General Entertainment,35.629475,139.6628133,66,87
4c2f1b9916adc92835f8bc9c,Casino,35.71358736,139.7037122,112,105
4de8c7d5d4c0faa56436b068,Nightlife Spot,35.64614125,139.7473429,75,125
4f20f5c2e4b0272a56914e79,Scenic Lookout,35.73562698,139.6522379,125,82
4c942873034137047ec16fef,Casino,35.65899584,139.6980053,82,103
4e074e13d4c03ae0b9c8f4c1,Other Nightlife,35.731722,139.707126,122,107
4e814a76722e6ca6cc930f70,General Entertainment,35.663693,139.699135,85,103
4ebd2e6c0aaf88633ba560ca,General Entertainment,35.56170419,139.7243724,28,114
4ff580b3e4b0c98ddc0f15d6,Other Nightlife,35.74794,139.771297,131,136
4fdc1a4ee4b0ef4c38b5d4ee,Movie Theater,35.659351,139.698984,82,103
4bcc14a23740b713577f6365,Other Nightlife,35.66148371,139.700877,83,104
4b8a5b01f964a520b46932e3,Bowling Alley,35.6600705,139.7027895,83,105
4fbac630121d47491a1b8400,Scenic Lookout,35.71003365,139.8107082,110,154
4d4512d40349224bad4e014f,Bowling Alley,35.65136385,139.6379417,78,75
4b62b1c0f964a5204c4f2ae3,Bowling Alley,35.64625271,139.7532703,75,128
4eb3d77802d5f33e91db2558,General Entertainment,35.67607734,139.6732697,92,91
4b7794f8f964a520a1a22ee3,Historic Site,35.64724884,139.7485775,76,125
4e6c302d483b1f5ebdfabed9,Historic Site,35.68432017,139.7822196,96,141
4ff7fe81e4b0fe7c2160a1ee,Aquarium,35.67173636,139.7643569,89,133
4eb90347be7bfc284bcc652c,Pool Hall,35.55441,139.646542,24,79
4ff808d2e4b021ccc7f34ed2,General Entertainment,35.69405593,139.6985887,102,103
4b690345f964a520ec962be3,Movie Theater,35.67051152,139.7659043,88,133
4fe86fdce4b005c24edc5e23,Historic Site,35.67770206,139.7062129,92,106
4b8a0bfff964a520585d32e3,Scenic Lookout,35.68431554,139.8647118,96,178
4da011c8a77d816e62bb1009,General Entertainment,35.78016882,139.6798968,149,94
4ff927d7e4b0484034082bb0,General Entertainment,35.63262046,139.7961371,67,147
4dd79e048877f1150fed69a5,Scenic Lookout,35.67055484,139.7086664,88,107
4ffa612fe4b0f1c619e79c53,Casino,35.8582657,139.6546948,193,83
4ecf657b02d5feaa1b0a171c,Other Nightlife,35.705116,139.634626,108,74
4f791a7ee4b03c36a253b5a2,Historic Site,35.7408521,139.7094333,127,108
4e3ce105d164b52911a5e48b,General Entertainment,35.53225264,139.6956021,12,101
4ffba4d6e4b0f784b86187da,Moving Target,35.705918,139.664356,108,87
4bc075b0abf49521163dbf93,General Entertainment,35.64583208,139.5866203,75,52
4fe7d7b9e4b0e91f0a33eea9,Casino,35.66687208,139.7572992,86,129
4d96d6f4c19fb60c00ee8765,Arcade,35.6560235,139.792099,80,145
4bd6ff886798ef3b6df8658d,Arcade,35.6277912,139.6358281,65,74
4cd22b5248b8370449b6fdde,Movie Theater,35.65929468,139.6951854,82,101
4e44cce6fa76eeb2dac85d95,General Entertainment,35.693101,139.702687,101,105
4f349bb9e4b013ba9d188152,Historic Site,35.65765705,139.7533763,81,128
4ba9d97df964a520933a3ae3,Movie Theater,35.67343048,139.7648048,90,133
4ffb9189e4b0017e7922c13f,Other Nightlife,35.70166923,139.7708713,106,136
4c8c335ecf3ea143e15df351,Arcade,35.66819222,139.8618793,87,177
4bd2600477b29c74d0bd8e82,Scenic Lookout,35.71369484,139.7767824,112,138
4bda9a242a3a0f475484abb6,Casino,35.70360041,139.579424,107,49
4bc700d80050b713b5d7b73b,Other Nightlife,35.66431343,139.7571659,85,129
4f817379e4b06d09fa20cf83,Other Nightlife,35.71258358,139.7776561,112,139
4b85e917f964a5200c7931e3,Historic Site,35.69458483,139.7481322,102,125
4d6886636297721e712cbdb5,Historic Site,35.78453808,139.643333,152,78
4b8cdbc8f964a5201adf32e3,Movie Theater,35.6735002,139.7627234,90,132
4bfa546b4a67c928f70e28cf,General Entertainment,35.70595379,139.7379318,108,121
4d96cb6ba2c654811d0cc953,Scenic Lookout,35.5770978,139.7063226,37,106
4baed6fef964a52037dc3be3,Arcade,35.55073184,139.5757843,22,47
4d3be4fcd2c8f04d0bfe5c72,Arcade,35.54417808,139.5727694,18,46
4e9262495c5ce36b18fcc992,Arcade,35.62941848,139.777042,66,138
4f6ac6a1e4b0d8154b894588,General Entertainment,35.69956504,139.7705319,105,135
4c79df5097028cfa2dc9dcfe,Bowling Alley,35.58466496,139.7407508,41,122
4ba08c4af964a520dd7137e3,Bowling Alley,35.78737122,139.8022755,153,150
4ffc5385e4b079b51e65bb04,Other Nightlife,35.72893833,139.477787,121,3
4b8564b1f964a520f55a31e3,Historic Site,35.72352952,139.7948992,118,146
4e86f2776da16f8cf63a4145,Scenic Lookout,35.65611229,139.7565455,80,129
4ce8cd9fb99754814bfbfe44,Planetarium,35.65545686,139.7000402,80,103
4fc828fee4b08b8c9eeb2154,Movie Theater,35.65940875,139.6988031,82,103
4ce687ca0f196dcb270938ae,Other Nightlife,35.69341251,139.7716801,101,136
4faf585ce4b02f54b876063e,Historic Site,35.83538802,139.5979852,180,57
4e282cffd164bfc24f1fa0ca,Arcade,35.67238476,139.478997,89,3
4b7f8b41f964a520c43330e3,Scenic Lookout,35.66067852,139.7291422,83,117
4b6049c2f964a520cedd29e3,Pool Hall,35.662183,139.734574,84,119
4d79b681ceaa224b4699fe70,Movie Theater,35.70029619,139.7740397,105,137
4f856128e4b0da77740e2976,General Entertainment,35.70877849,139.814494,110,155
5005000ef136d3fc1d15933e,Other Nightlife,35.69424936,139.7027922,102,105
50096ba8ebca259d14c00a7a,Casino,35.69410124,139.7001207,102,103
5013490fe4b09075806d2e3e,Moving Target,35.6983968,139.7735381,104,137
4eaf39bcdab4cef362e7aebc,Historic Site,35.70967015,139.7098833,110,108
4d9fc0a7a77d816e447b0a09,General Entertainment,35.7352525,139.7851038,124,142
4e8fdfde6c25abdcf47a0eac,Arcade,35.67248531,139.8358751,90,165
4c513215d2a7c9b69ef0c910,General Entertainment,35.689171,139.708734,99,107
4f62fbe3e4b041039c4cdae1,Movie Theater,35.533144,139.696526,12,102
4b1fb108f964a5201d2824e3,Arcade,35.66095365,139.6674413,83,89
4fe709ece4b0fa7dcd8a5f08,Pool Hall,35.63492433,139.7129524,69,109
4d3a7dd234ee3704b384789b,Bowling Alley,35.77329361,139.7235045,145,114
4e230f211838712abe8326d9,Nightlife Spot,35.81289529,139.7014807,167,104
4f0867dfe4b0ad9c25265a63,Other Nightlife,35.74330722,139.7805719,129,140
4eb4fe342c5b53141a20330a,Arcade,35.65220514,139.8821783,78,186
4c5a22c75c57c9b6aab81c4a,Scenic Lookout,35.66419139,139.7625625,85,132
4b6c04ccf964a520e31f2ce3,General Entertainment,35.75957763,139.7221028,138,113
4bcc7413b6c49c743cb59391,Other Nightlife,35.69393241,139.7048159,101,106
4b8de8b5f964a520011333e3,Historic Site,35.690275,139.73794,99,121
4cb9adcd90c9a14381cf88d6,Arcade,35.76379284,139.6660995,140,88
4d71c0843815f04df1588367,Historic Site,35.67514586,139.758789,91,130
4dfc3418e4cdbe059c387472,General Entertainment,35.70770162,139.7325942,109,118
50196b2dd86c21d69be95c8b,General Entertainment,35.6207621,139.7757912,61,138
4ed09ff0e5faa5ec03119fdb,Scenic Lookout,35.66221282,139.7933254,84,146
4fb74a35e4b07fc431198d9a,Movie Theater,35.69560158,139.7004984,102,104
4d545712d8f7a0908da7cb0a,Scenic Lookout,35.68953567,139.6922018,99,100
4f8bb077e4b0e5ed767e4a07,Moving Target,35.692424,139.70049,101,104
4b1fb57df964a520432824e3,Arcade,35.66112638,139.6676032,83,89
4f99cfece4b092f08ad75143,Scenic Lookout,35.65911345,139.7025179,82,105
4cb5d6679c7ba35d3f568d06,Other Nightlife,35.70940956,139.8137646,110,155
4c7b8b6781bca0933c600315,Arcade,35.60795811,139.7307783,54,117
4b5d6f11f964a520e55c29e3,Other Nightlife,35.64663419,139.7456641,75,124
4ecb80c96da19ab5ef129e13,Movie Theater,35.69052802,139.702351,100,104
5022f76ae4b0e35231520bc5,General Entertainment,35.63158048,139.7929708,67,146
4b586af4f964a520d95628e3,Racetrack,35.85792658,139.6704447,192,90
4bd56deb5631c9b63105a430,Other Nightlife,35.66978509,139.7168389,88,111
4bb5f5881344b713e4c59c04,Other Nightlife,35.62861966,139.7423521,65,123
5025c2dae4b00b8faa99eb90,Arcade,35.769489,139.849782,143,171
4e2f5cd4a8092ca5c37f6220,General Entertainment,35.66510885,139.7602889,85,131
4faa1458e4b01bd5520afdc7,Historic Site,35.6687486,139.8076601,87,152
50261113e4b098a561270bd3,Other Nightlife,35.64715567,139.7602739,75,131
50261f63e4b0db2aca3e222c,General Entertainment,35.647819,139.759683,76,130
4e561e55fa763b20fd07fbe5,General Entertainment,35.69285427,139.7030284,101,105
4d92fb58922c6ea818085b79,Other Nightlife,35.6429239,139.7491843,73,126
4d2ef7a249bb721e5a3c8395,Other Nightlife,35.579661,139.659051,38,85
4ef2183bc2ee7226a9daabf7,Casino,35.62940014,139.7379023,66,121
5026276ae4b06553e1d83849,General Entertainment,35.64194104,139.7582824,73,130
4d53b4548652224b7689d2d7,Historic Site,35.66839123,139.8220532,87,159
4e4c8da28877d76263039dbe,Movie Theater,35.52814001,139.6979213,9,102
502734a3e4b067a86244e891,General Entertainment,35.63495073,139.7958824,69,147
4f6e8153e4b0a235d7b3dc6c,Historic Site,35.7140295,139.5094209,113,17
4e46067745dd2955e592cd36,Arcade,35.82696168,139.6526846,175,82
4ec6d1a493ad41338c0c38ec,Scenic Lookout,35.58051816,139.7863913,39,143
50248a6ae4b06287632ef12f,Historic Site,35.630346,139.794964,66,147
50270f12e4b069e8b5532a43,General Entertainment,35.63014074,139.7940196,66,146
4b934ec2f964a520703f34e3,General Entertainment,35.70405562,139.7539473,107,128
5025ebc7e4b07a366bbcfecd,General Entertainment,35.72895378,139.7182222,121,112
4ed6ffadcc21a6423eddfac1,General Entertainment,35.6360361,139.6096659,69,62
4edb15ff4901c8be1e725e9d,Historic Site,35.7116595,139.6046406,111,60
4f94faece4b01143d3367470,Historic Site,35.7059527,139.7532794,108,128
4ce63d9af1c6236af54752f0,Scenic Lookout,35.70801525,139.7527027,109,127
4c0a5abfa1b32d7f191e99f0,Pool Hall,35.72973525,139.7157848,121,111
502a1c96e4b05f0c0094bedf,Moving Target,35.637606,139.690584,70,99
4dc64ea8b0fb5556cd073f24,Pool Hall,35.67210335,139.7609327,89,131
4f102d21e4b0958ebfc889be,Other Nightlife,35.5652205,139.6534718,30,82
4e7ee645722efeb845836f40,Historic Site,35.55027992,139.7503638,22,126
500f819ae4b08a5d720eff10,Gaming Cafe,35.62895162,139.7752746,65,138
4e680af581dcaba7ccacf753,Historic Site,35.66725283,139.7611673,87,131
4ba72365f964a520ab8239e3,Arcade,35.7075264,139.7745607,109,137
4eb39dc829c212fb6b993466,Other Nightlife,35.66089483,139.7036149,83,105
4b5bad1af964a5205d0f29e3,Casino,35.69495078,139.8145437,102,155
502f47c9e4b06888b6d6dc00,General Entertainment,35.60943466,139.6230528,55,69
4f57632ce4b008b5f0bb0a15,Other Nightlife,35.66753612,139.7565755,87,129
4e6870fbb3ad5d91975096c8,Historic Site,35.66469746,139.7636687,85,132
5035ed39e4b084f7d8fb370e,Moving Target,35.53701401,139.7027893,14,105
4c4ab95b9c8d2d7f51d3f069,Bowling Alley,35.70477438,139.5075274,107,16
504296f8e4b029b249b129e8,Arcade,35.73066966,139.7161423,122,111
4ddede391838779139a85bd1,Other Nightlife,35.649475,139.702073,77,104
4fdb90b2e4b0c9ae972a53e6,Other Nightlife,35.66440657,139.6934283,85,100
4d12b325f898b1f7e7f5da81,Historic Site,35.68197854,139.7540201,95,128
4d8b1ad599c2a1cd16c89dd7,Casino,35.7005909,139.7716501,105,136
4bc13391920eb7130c781a2c,Movie Theater,35.66543764,139.7582325,86,130
4eb4e508b8f786e274f848ea,Zoo,35.717827,139.770922,115,136
4f810b95e4b0a458baa02b68,Historic Site,35.692451,139.797818,101,148
4b8a027df964a520745b32e3,General Entertainment,35.66485276,139.7617264,85,131
4e6c57ef62e15039f7f43430,General Entertainment,35.52582347,139.6998851,8,103
4e0c6cf5c65bd1c17b6d9c9d,Other Nightlife,35.56141723,139.717893,28,112
4f27c355e4b026481bd5f0f8,Historic Site,35.53709438,139.7336563,14,119
4eaa885fd3e3846cbcac615b,Historic Site,35.69837414,139.7728932,104,136
4ee21444d3e3a823d5915437,Historic Site,35.70103894,139.7706789,105,135
4e471a1fc65bd6ffbe9bda5c,Historic Site,35.53063717,139.6985006,11,103
4b5fb7b2f964a520b7c929e3,Movie Theater,35.70645165,139.5805264,108,49
4becc7640ddaa5937d161ec3,Arcade,35.67420899,139.6672743,90,89
50698551e4b0c7c05310de52,Historic Site,35.6810127,139.7649509,94,133
4c9e87970e9bb1f74d5ae85f,Historic Site,35.68483037,139.8162676,96,156
4e944b8a49015a5ff484abcc,Historic Site,35.57616596,139.7128745,36,109
4e7e9a75722e7b69f736a270,Arcade,35.66492539,139.8604985,85,176
4dff04a0ae605b47b1744c6b,General Entertainment,35.78118718,139.6450174,150,78
4c2f347b213c2d7f0c67305d,Bowling Alley,35.81258533,139.7880869,167,143
4e23b16962e1964dbb7e5163,Historic Site,35.52262566,139.6624007,6,86
4cd3fa13558a3704574dc4a6,Other Nightlife,35.66451718,139.7570747,85,129
4cf8eaa3de096dcb03288b79,Arcade,35.69403357,139.7027232,101,105
4ea28e7c0aaf711180a6cea7,Other Nightlife,35.72798542,139.7121574,120,109
4bdb90b5c79cc928358f83e9,General Entertainment,35.65791518,139.4970131,81,11
4b710b4ff964a52016382de3,Racetrack,35.80293507,139.6581173,162,84
5010b8c3e4b010591e0d7b5f,Arcade,35.70081844,139.7418339,105,122
4f5c1dbfe4b0090c0a389f96,Movie Theater,35.65926063,139.6996657,82,103
507915c2e4b065f1dd084697,General Entertainment,35.6310621,139.7977154,67,148
4cd4c4b8b6962c0ff4db2d96,Arcade,35.77704864,139.7896948,148,144
4c776d385cd6b1f7571d3f94,Arcade,35.66433442,139.8721829,85,182
5055e767e4b0e932c9678415,Movie Theater,35.654921,139.7923,80,145
4eaf311161af6ac587c4a0a4,Historic Site,35.72940953,139.7095242,121,108
4eccb46c9adf1839a169f37f,Other Nightlife,35.66098471,139.6978906,83,102
4ba07027f964a520bd6d37e3,General Entertainment,35.63645029,139.6096659,70,62
504db8d2e4b05ebf6e641c60,Arcade,35.67524331,139.7367704,91,120
4cb97ee5dd41a35d50f8e1a0,Other Nightlife,35.729281,139.709317,121,108
50741849e4b013b950e8cebe,Movie Theater,35.69005819,139.7053602,99,106
4f067cba77c8b25e19075355,Other Nightlife,35.68457328,139.7374132,96,120
507a9bdfe4b00760cb8d6f74,Historic Site,35.69380585,139.7706816,101,135
4e38f41445dd9ef03f11c746,Arcade,35.69857708,139.7712408,104,136
508538a7e4b0ac00f73c703e,Gaming Cafe,35.65676713,139.7541349,81,128
4f1a6dd1e4b0d790419b1da1,General Entertainment,35.70055067,139.7424876,105,123
4e7bf32b887742fc664f9411,Historic Site,35.60626233,139.6800333,53,94
508775b3e4b0b793e31aa660,Movie Theater,35.65937345,139.6989726,82,103
4bc98499fb84c9b685381b3e,Arcade,35.70568436,139.6362045,108,74
4dce1440c65bdac71359037b,Movie Theater,35.60592568,139.5056981,53,15
4ec8abdd61af9e1431363484,Historic Site,35.66666894,139.7747454,86,137
4bdc3e9e3904a59355524d9e,Historic Site,35.6913848,139.7361776,100,120
4bc832ec14d7952163a468e9,General Entertainment,35.665151,139.756319,85,129
5088b9a9e4b023ef4957d11b,Moving Target,35.75025558,139.7501678,133,126
4b7c70d2f964a52075932fe3,Historic Site,35.70034532,139.7656248,105,133
4f8e8989e4b019b497651fae,Historic Site,35.68638615,139.7656048,97,133
4e5e3644814d9e0233e0151e,Bowling Alley,35.73003573,139.7151196,121,110
4bdd7d7cb0f5c928e8734ce3,Arcade,35.61866894,139.5672441,60,43
4d2967c8467d6ea8d7adcf95,Bowling Alley,35.64044378,139.6386874,72,76
4e5cca4dcc3f78c8843fa702,Gaming Cafe,35.69843819,139.7763008,104,138
4cd515c1a5b346881fe48b50,Other Nightlife,35.6001465,139.610256,49,63
4e2d5110e4cd3bc166a80227,Other Nightlife,35.5728,139.692235,34,100
4bdee607ffdec9280a00eaa1,Pool Hall,35.73221569,139.7090405,123,108
4e153ee1d4c0e3d78b2b980c,Historic Site,35.70361565,139.6236965,107,69
4e86eb6e775b326975cf6b8c,Historic Site,35.71602343,139.7631989,114,132
507be390e4b0e94248b24f4f,Movie Theater,35.69083996,139.7052954,100,106
4e4b90536284a0b024b4237d,Scenic Lookout,35.68797769,139.6634375,98,87
508b4d23e4b0ad933b7a4156,Historic Site,35.69013593,139.7046222,99,106
508b67e1e4b09ddc7e3e4a6a,Moving Target,35.73497391,139.7484436,124,125
4fca49080039e625a33b79ef,Arcade,35.83078353,139.7918844,177,145
4dff4bb3d164f31b7bd0b976,Arcade,35.66841449,139.601123,87,59
4f667b14e4b036e3e9e094db,Moving Target,35.6648658,139.7605284,85,131
4cb455b5cbab236a7d4dbd73,Arcade,35.73723551,139.6375953,125,75
504c25afe4b06b3021a2eca5,Moving Target,35.752772,139.71292,134,109
4fa0c067e4b07aaa44b994e2,General Entertainment,35.69811893,139.7748003,104,137
4f7fa725e4b009277e373cd7,Moving Target,35.682986,139.765497,95,133
508cf171e4b032d8beec8067,Arcade,35.65687781,139.7981715,81,148
5032eab3e4b07a5830289866,Arcade,35.73405,139.71502,124,110
4fcc8fa9e4b0abf44fe7d340,General Entertainment,35.65465941,139.7438548,80,123
4e2d96461f6ebe5442692ef5,Other Nightlife,35.7460941,139.7550183,130,128
4c96efef38dd8cfad2cfdf62,General Entertainment,35.73067151,139.730266,122,117
4dae9bd20437710b8136b8dc,Arcade,35.69952704,139.8129199,105,155
4fae19e4e4b08a2bb939949e,Historic Site,35.68838268,139.8072305,98,152
4f377b84e4b0948a8223156d,Scenic Lookout,35.56522779,139.7656198,30,133
4d5c84fa07a559416639d8ba,Movie Theater,35.67546991,139.7628951,91,132
5090d34fe4b0857f7fd53d00,Historic Site,35.732723,139.640647,123,77
50391619e889066042ff0ba0,General Entertainment,35.67588824,139.7193146,91,112
4ed223c1d3e3521ce7bf2c99,Movie Theater,35.66004308,139.7299047,83,117
5027511ce4b0e4d9605c1247,Arcade,35.62937426,139.7765677,66,138
4b63cd7df964a52047922ae3,Other Nightlife,35.67160815,139.7601591,89,131
4bf3d0626a31d13aa2fa942e,Movie Theater,35.662767,139.694787,84,101
4daefa291e7207bbeb1b8949,Other Nightlife,35.694484,139.700359,102,104
4c01895558dbc928cf8bee6b,Racetrack,35.6661484,139.4890868,86,8
4c6290e5e1621b8dcfa92353,Other Nightlife,35.67182243,139.4789189,89,3
4ef52a9d0e011df7b9c20707,Scenic Lookout,35.66590432,139.7950883,86,147
505c42f5e4b0ddb6e7d4051c,Casino,35.53739729,139.6332621,15,73
4ec8a1240e6158bafffaa169,General Entertainment,35.70469156,139.5786156,107,48
509893ffe4b06ad7281bbc14,Other Nightlife,35.73474446,139.6577467,124,84
4bee7c77d355a5939dec0a60,Other Nightlife,35.63141577,139.7784999,67,139
4bd6b1d95631c9b64e36a630,Arcade,35.691848,139.771054,100,136
4d71b59a4ab5224bc51eb497,Arcade,35.6081744,139.6695917,54,90
4dcd11fbc65bdac7133db14e,Pool Hall,35.70147806,139.7713081,106,136
509a2e0ae4b094d375631269,Arcade,35.69919741,139.7714155,104,136
4b7eabe5f964a52055f82fe3,Pool Hall,35.69984313,139.8258197,105,160
4d30989f7791224b94cad242,Gaming Cafe,35.81438911,139.5867319,168,52
509bae8fe4b0f43d9a90073c,Historic Site,35.60915224,139.6323755,54,73
4cdd48f5930af04d0d1f9597,Arcade,35.608523,139.667798,54,89
4b5c14c0f964a520852329e3,Movie Theater,35.66272128,139.694838,84,101
4d23e2a773508eec5058e376,General Entertainment,35.6409464,139.6388007,72,76
509db3eae4b0524f402aa41a,Historic Site,35.735836,139.635,125,74
4d74f13dfe1b721ea11cb41f,Casino,35.69751278,139.7713107,103,136
509f3fe6e4b047228a231b27,Historic Site,35.713292,139.786538,112,143
50210b26e4b089949d530865,General Entertainment,35.69880631,139.7715533,104,136
4e1037841838f8ad81505c66,Other Nightlife,35.5390428,139.680158,16,94
4dcd23e2d22deadedd30ca5a,Other Nightlife,35.66694875,139.7574738,86,129
4e75f32315209522b16d4707,Scenic Lookout,35.74433532,139.5823503,129,50
500ecfa5e4b0e5847af53041,Scenic Lookout,35.668611,139.72888,87,117
4e69de17ae60950955380fa0,Historic Site,35.71061519,139.735198,111,119
5064d357e4b0175f2f21a608,Historic Site,35.66369,139.77142,85,136
4b6d0041f964a52064622ce3,Arcade,35.6651719,139.8933367,85,191
4d21c2ead7b0b1f78ba61f9f,Arcade,35.66527661,139.8592669,86,176
4b639c45f964a520d1862ae3,General Entertainment,35.69018449,139.7013652,99,104
4fad3976e4b0077c454556b8,General Entertainment,35.61890715,139.7278444,60,116
4d6f5c6627316ea8870aafaa,Arcade,35.77712256,139.6324204,148,73
4f5ae1c8e4b0c4b6884b7e46,Historic Site,35.738254,139.676284,126,93
4f1d1e74e4b0817d3e65a194,Other Nightlife,35.70518564,139.6368083,108,75
4c22ea7413c00f47ec5388de,General Entertainment,35.6419292,139.7137883,73,110
4c14b0467f7f2d7f8c44e168,Other Nightlife,35.65888937,139.6674854,82,89
4dfc8bf1227185f38b950c0b,Arcade,35.69577636,139.8287782,102,162
4eb4e48fdab4fe51116a6134,General Entertainment,35.61840564,139.4943436,60,10
50a86e8ee4b0170b318f0698,Historic Site,35.70039688,139.7642321,105,133
4f0bbd8de4b0c4aaa8e4bbad,Historic Site,35.69999228,139.81957,105,158
5013fb67e4b00c72b6b4fff5,General Entertainment,35.73225403,139.7137833,123,110
4bab3ab2f964a5208e9a3ae3,Other Nightlife,35.646385,139.708864,75,107
4d16eef3401db60cf1b3e8a4,Gaming Cafe,35.69370696,139.7020277,101,104
4b8b6c00f964a520099f32e3,Historic Site,35.67444911,139.7911817,91,145
4f602769e4b05ba8a66c8ba8,Historic Site,35.65727881,139.7504818,81,126
4f93dcc5e4b061a4262f0006,Casino,35.81629717,139.6680318,169,89
50344cb9e4b0ec35e6c5428f,Historic Site,35.67203811,139.7209107,89,113
50ac7407e4b0aee59c4f624e,Moving Target,35.731573,139.711853,122,109
4e680f6481dcaba7ccad6d0c,Historic Site,35.67178757,139.7654338,89,133
4b551504f964a52084da27e3,Movie Theater,35.67343484,139.7647619,90,133
4fd95307d5fb0913debe0067,Historic Site,35.52361699,139.6921277,7,100
4cd11f33ad4cef3bfc9a9a4b,Arcade,35.51180966,139.7139578,0,110
4d396ee86de7721ef55ae449,Other Nightlife,35.69070845,139.7707615,100,136
50583541e4b0b366481f9522,Arcade,35.58853846,139.7274602,43,116
4ea3e41fb8f7e4911f3b20f5,General Entertainment,35.7056619,139.6660633,108,88
4f4a1d85e4b04587822f3275,Other Nightlife,35.65976512,139.6990773,82,103
4ee442d89911944900eb29e0,General Entertainment,35.749072,139.712588,132,109
4b652315f964a520d5e52ae3,Scenic Lookout,35.72972654,139.7669131,121,134
4ff51925e4b0fe7c203051b0,Historic Site,35.66435101,139.7495186,85,126
4db7fd06fa8c377d83b3e03c,Other Nightlife,35.66164562,139.7003139,84,104
4d0dffab35e7a090f1bfdc6c,Historic Site,35.6180955,139.7439748,59,123
50107b89e4b05969b71e240c,General Entertainment,35.666645,139.697578,86,102
508d37a5e4b040090b0524ea,General Entertainment,35.69803899,139.7718249,104,136
4f310c8be4b0c190b8b7818c,Arcade,35.704988,139.753828,108,128
4ccd236709b1b71334ebdba6,Arcade,35.66924905,139.6505937,88,81
5043a121e4b072dc96ea6087,Historic Site,35.65215641,139.5227671,78,23
4e43a540d4c02cf15f57dcc9,Other Nightlife,35.824708,139.697917,174,102
4b6c0ccbf964a5205b212ce3,Other Nightlife,35.69398361,139.7039482,101,105
4d043c849d33a1434bddb978,Historic Site,35.71813501,139.7745058,115,137
4cf5b6e3e308236aef65e2ac,Casino,35.66585271,139.7578831,86,130
4e58e999b993732579e02d8a,Other Nightlife,35.65970493,139.7014779,82,104
4e4365d57d8bee282390e7ad,Arcade,35.70065275,139.5429246,105,32
4ecb4d2093adb4bd1ac4591b,Casino,35.80643744,139.8242767,164,160
4bbab62d7421a593ef25c440,Historic Site,35.68466135,139.7827589,96,141
4c2829d097d00f4780883fea,Arcade,35.66251758,139.7009821,84,104
50b99b48e4b0b45a1ae4c2db,Historic Site,35.723901,139.731779,118,118
4bb2ee46eb3e952175a3ca0a,Historic Site,35.68578173,139.6405542,97,76
4ca55a9997c8a1cd628766a5,Arcade,35.81537237,139.7033446,169,105
503ae1ffe4b0b7277c871a81,Pool Hall,35.73983765,139.7709961,127,136
4bcd2fc5cc8cd13ae256c2cf,Pool Hall,35.58886172,139.7272432,43,116
4c9628406b35a1439f292bdc,General Entertainment,35.699801,139.484334,105,6
4ee9f8528b814bec45299958,General Entertainment,35.69402434,139.7022785,101,104
4b69502ff964a5208d9e2be3,Other Nightlife,35.66473405,139.7595052,85,130
4bb07993f964a52041473ce3,Other Nightlife,35.63346974,139.5345405,68,28
500c69cd582f62f3ae880176,Arcade,35.79498155,139.792496,157,145
4c564658cc96c9b6fb85762e,General Entertainment,35.70158697,139.7030913,106,105
4cc14e03d363721ef03a59c9,General Entertainment,35.7045,139.769845,107,135
4d88aa6f4757721eaaeb9169,Other Nightlife,35.65528746,139.7362164,80,120
50bc6819e4b05be7dd153348,Moving Target,35.756327,139.735023,136,119
507a3edee4b0602b630778a2,Moving Target,35.78358069,139.7176623,151,111
50bfd199498e2bfc141a8ca6,Arcade,35.73819135,139.7103471,126,108
50bc68d1e4b0e7cd88ad5143,Moving Target,35.745888,139.754157,130,128
4f321bcfe4b0d510f5247ed5,General Entertainment,35.65466495,139.7023234,80,104
50c1e40ee4b0647771ea49a4,Arcade,35.64417132,139.7117634,74,109
4f7dca83e4b0125b48fccbbd,Moving Target,35.749593,139.865449,132,178
4b7facf4f964a5200a3930e3,Historic Site,35.69336278,139.7942984,101,146
4e158a5c8877cd57120e7a6d,Arcade,35.52976386,139.6994264,10,103
4caf3a07c5e6a1cd6bf6caf6,Bowling Alley,35.7069961,139.6651168,109,88
4e6b1fbfb993d5439f9cdb98,General Entertainment,35.69698507,139.7011067,103,104
4f641ffde4b0ea77cd2fab01,Casino,35.6684383,139.7070307,87,107
4b8211c0f964a520a4c930e3,Historic Site,35.66750364,139.774965,87,137
4f4c92b9e4b0b0a21367f962,Movie Theater,35.689995,139.705922,99,106
50c588a8e4b04cc46eca0163,General Entertainment,35.52953885,139.6948991,10,101
507f69fde4b07e189aa9ca86,Historic Site,35.61401178,139.5697143,57,44
50c92976e4b0c36b7ede6884,Moving Target,35.680384,139.704415,94,105
4d0f1da359606dcb15cd6c3e,Casino,35.552506,139.739045,23,121
50668339e4b064a76c31e67a,Historic Site,35.69817802,139.7724289,104,136
4fca4d420039e625a33c02c9,Casino,35.84546507,139.625802,186,70
4fc1e9a9e4b0327851ce6610,Historic Site,35.637403,139.736738,70,120
505c3c3ae4b082c6a98119ae,Other Nightlife,35.66459024,139.734265,85,119
50ba25378aca6fd3173b8c89,Other Nightlife,35.68990129,139.7084033,99,107
4e4a24cbe4cd4fd73000b167,Historic Site,35.67505157,139.7514796,91,127
4e506ac97d8bd425e49f07e8,Historic Site,35.72669995,139.7072071,120,107
4d326b2b2c76a1433be670c7,Other Nightlife,35.66934317,139.7651905,88,133
50c94216e4b051f2a5f138a7,Historic Site,35.630759,139.573287,66,46
4d4e1440a0b0a09364174a83,General Entertainment,35.65490864,139.5294041,80,26
4e95baf9b634ee03e645178a,Historic Site,35.72188536,139.7522035,117,127
4c249037136d20a1acf6e161,Bowling Alley,35.57099852,139.6319323,33,73
4f817a07e4b085b99bf4ff64,Arcade,35.82288202,139.5753166,173,47
4c9b254a292a6dcb80c1d476,Arcade,35.82274939,139.5752519,173,47
50b1a500e4b03ac7c61a3814,Moving Target,35.684854,139.700258,96,104
4f6c42d0e4b03cbd0f180137,Historic Site,35.60471225,139.6154642,52,65
506295e9e4b08ae75abb2628,Bowling Alley,35.69043229,139.7004735,99,104
4c832d6274d7b60c2f0788d8,Arcade,35.56380661,139.7161871,29,111
4fc36af7e4b09ab688da3bb9,Historic Site,35.53597174,139.7085536,14,107
4bbeeec798f4952143e7d163,Other Nightlife,35.65653268,139.7575986,81,130
4fed14c3e4b0f9f20f01c0db,General Entertainment,35.62857421,139.7365899,65,120
503ae145e4b09ecf9f83834d,Pool Hall,35.74073188,139.7709812,127,136
50d06d92e4b0bcb857ab5244,Historic Site,35.65592605,139.4879491,80,7
50d0fceee4b0425b0ffea1b6,Other Nightlife,35.83689555,139.7567551,181,129
4b740e79f964a520b9c52de3,Pool Hall,35.80158653,139.7609727,161,131
4cfe16ffed7060fc2e96b95a,Arcade,35.74905049,139.8024496,132,150
50a06b9219a98cd956f62c6b,Arcade,35.73396358,139.7396886,124,121
4eb499295c5c5a531fab398e,Historic Site,35.690825,139.704993,100,106
4b93bb69f964a520f04e34e3,Arcade,35.657053,139.568216,81,44
50d5ae9ae4b0e25333a6bfba,Casino,35.64733168,139.8014713,76,149
50d3be4be4b02b4863af6c55,General Entertainment,35.53259118,139.6958215,12,102
50d67c1de4b0487c36a643dc,Historic Site,35.63421494,139.5696496,68,44
4e880a5d93ada395270d48fb,Zoo,35.714069,139.769225,113,135
4ec87a6d0e6158baffd0566e,Zoo,35.71423771,139.7690143,113,135
4d2157e916cfb60cd4c86061,Scenic Lookout,35.733426,139.764343,123,133
4eb4e65002d5f33e92568e22,Zoo,35.717502,139.77062,115,135
4c827efe51ada1cd39e61c10,Scenic Lookout,35.7315625,139.7668328,122,134
4ec73f820e6158bafe4e8fc9,General Entertainment,35.70442644,139.8015015,107,149
4e05ea08a809495e618ee00e,Other Nightlife,35.7208903,139.4797826,116,4
4beeac21d355a593fd210b60,Other Nightlife,35.68025443,139.7706966,94,135
4be520c52468c928a4bbff42,General Entertainment,35.65822535,139.6956669,82,101
4cd4d3f8a76c59419a537005,Arcade,35.77302632,139.7985544,145,148
4be410052457a5932aaea915,Other Nightlife,35.66533108,139.7585097,86,130
4b64140af964a5200b9e2ae3,Nightlife Spot,35.69118077,139.7020741,100,104
4f43132fe4b0bf8742bee74e,Casino,35.66048024,139.6978234,83,102
50e11e21e4b075c2f0291294,Arcade,35.696665,139.829293,103,162
4bae01d6f964a5204a7a3be3,Racetrack,35.64343023,139.5950933,73,56
4ec2f32c775bb4f2502841db,Historic Site,35.67231064,139.7831234,89,141
4c33f288213c2d7f73d9375d,Other Nightlife,35.671589,139.479686,89,3
507a4e0be4b065f1ddc792ac,Gaming Cafe,35.6932008,139.771096,101,136
4e9134c602d5ee38b7165fe1,Scenic Lookout,35.69649,139.749572,103,126
4e4718f452b1bac0d98097c4,Zoo,35.714118,139.770051,113,135
50d3d0cee4b0e950ebc6f9bb,Moving Target,35.681686,139.775721,95,138
4f9165e7e4b06552026ca577,General Entertainment,35.6381506,139.8769641,70,184
503c3cb1e4b0ad9775d98dad,Scenic Lookout,35.71015647,139.8105674,110,154
4dfb201a2271baece241fbe0,Other Nightlife,35.69179652,139.7712743,100,136
4b970fbcf964a52009f634e3,Other Nightlife,35.66373813,139.7461715,85,124
4e87eced8b8130f25150d023,General Entertainment,35.69938954,139.7723141,104,136
4ea94fa6b634441589b86dca,Other Nightlife,35.6154935,139.5660924,58,43
4b72177cf964a520376e2de3,Historic Site,35.66917279,139.7347319,88,119
4bd5a0c05631c9b6ac5ba430,General Entertainment,35.77008771,139.6450373,144,78
4c26d785f1272d7f4e6487c5,Historic Site,35.599534,139.671104,49,90
50b7f05ae4b05d6263849a1d,Moving Target,35.56475843,139.7168456,30,111
4d8597ec7e8ef04d11bc24be,Historic Site,35.59079655,139.7292362,44,117
500a81afe4b0647ba4c27337,Casino,35.712677,139.628904,112,71
4be6bb637e2a76b09bed1c9b,Arcade,35.61737035,139.675691,59,92
4fb4e108e4b0f745c7c4ef3f,Other Nightlife,35.70301963,139.5794068,106,49
4bb06035f964a52015433ce3,Historic Site,35.61830899,139.7405316,59,122
4dac0cae1e72c1ab9c161307,Movie Theater,35.66620927,139.7818959,86,141
4bd3efdc046076b070337771,Historic Site,35.72186804,139.7582535,117,130
4edcfdf00e011b46f178f212,Other Nightlife,35.697931,139.813157,104,155
503484a6e4b0aa0a3c553998,Casino,35.79920854,139.5947598,160,56
50d52c4ae4b06e4af2ebb6ff,Movie Theater,35.69035772,139.7016652,99,104
4fa0fc01e4b00c2d65a8d7a7,Historic Site,35.68970958,139.7600734,99,131
4da034b9bb206ea80d47d6fd,Other Nightlife,35.69931562,139.732042,104,118
50f0dccde4b0e33ebf781148,Casino,35.74494796,139.6272408,130,70
4d22de040901721e5973a6a5,Arcade,35.7276702,139.5388164,120,30
503ccacfe4b0c53e935297c2,General Entertainment,35.82108142,139.5746797,172,47
507a60c9e4b018ca96640586,Historic Site,35.83987167,139.6211406,182,68
504c6713e4b015de6254a199,Other Nightlife,35.69324556,139.7708863,101,136
4edb08dbb8f7fcd0411d9f53,Gaming Cafe,35.7786872,139.814589,148,155
4ba5d1ddf964a520092439e3,Arcade,35.52442033,139.6456879,7,79
4d1b68e995d5f04d22b2bc82,Nightlife Spot,35.63422408,139.7137683,68,110
4c6782beb80abe9a1a81d0e5,Historic Site,35.6244949,139.6389053,63,76
4e686ce6b3ad5d9197502d6f,Historic Site,35.68242775,139.7796147,95,140
4fd3e0e1e4b0a8f5714c3e98,Moving Target,35.51792526,139.686676,4,97
4b8b314ff964a520eb9632e3,Historic Site,35.68799066,139.7421034,98,123
50cb11fee4b0212e7ab24e91,Movie Theater,35.68946856,139.7426523,99,123
4fd6a9a9e4b03d972319cfe0,Historic Site,35.70131852,139.5060264,106,15
4f3b4e2ce4b0c533fa03b8d2,General Entertainment,35.69862825,139.7703671,104,135
4dd732771f6ee146831da95c,Arcade,35.860048,139.653379,194,82
4b949687f964a520197e34e3,Movie Theater,35.67748314,139.7718215,92,136
4f2b63ece4b0de35528d0179,Arcade,35.65108924,139.546001,78,34
4d1c61ca4ff98cfa14deba3e,Bowling Alley,35.7061342,139.5783728,108,48
50370559e4b0024b231b25a5,Historic Site,35.7071361,139.7813009,109,140
51024f82e4b004f28eae3922,Moving Target,35.696909,139.788659,103,144
4ceb54aef8653704fd48c2c4,Pool Hall,35.81575,139.705099,169,106
4ea3d69a9a527d6517a6fc1a,Arcade,35.52965491,139.7006464,10,104
4cb4592ddb32f04db9d1dc4d,Arcade,35.73572399,139.6281373,125,71
4f1695ffe4b0d59e250955c2,Historic Site,35.66543035,139.7614618,86,131
4e8ee2165503e288b4444aea,Other Nightlife,35.72899632,139.7128058,121,109
4b9abe5cf964a520ced135e3,Bowling Alley,35.853258,139.638053,190,75
4d2f12cabb73a0909e8855dc,General Entertainment,35.65604965,139.7709954,80,136
4e88034229c26820dcded059,Zoo,35.714156,139.769644,113,135
4f6aba78e4b0803c8a5513e4,Zoo,35.714278,139.769357,113,135
4edb119bf9abeea3da817991,Zoo,35.71670287,139.7705069,114,135
4e90286a550342b5a41aa9f3,Nightlife Spot,35.69073902,139.7029766,100,105
4c1ae45fb306c928317261b7,Arcade,35.71261985,139.7938907,112,146
4d5fc6495c39b1f74cbafb49,Arcade,35.720653,139.795694,116,147
4eb65625b634a048608b97e3,General Entertainment,35.68928518,139.6974967,99,102
5068fd8be4b0da82c76c8155,Moving Target,35.548659,139.792736,21,145
4d7336660d0ca143c70db683,Historic Site,35.70861441,139.7386057,110,121
4f159794e4b01eeff24937af,General Entertainment,35.68990102,139.7027722,99,105
4cac772414c33704894af03b,Other Nightlife,35.66364224,139.7302365,85,117
50471670e4b0aa9a7071934d,Casino,35.5631491,139.7181274,29,112
4b922a2ef964a52042ea33e3,Other Nightlife,35.64778377,139.7128905,76,109
510a7c83e4b051c969aaa9fb,Moving Target,35.582069,139.673553,39,91
500027c4e4b02126b7901e24,Arcade,35.56196027,139.7182372,28,112
4e29520c52b1c37d35ca8339,Other Nightlife,35.60754378,139.6670839,54,88
4e131763b61c637b97bc0809,Pool Hall,35.608636,139.670678,54,90
500cc850e4b0c2a4e0eea48f,Historic Site,35.68358981,139.7855701,96,142
4e75bbbfd1643f93b20e4654,Historic Site,35.6692633,139.7020641,88,104
50e77f31e4b01f3b0869ca46,Moving Target,35.69377,139.700517,101,104
4b77e9fdf964a5208eae2ee3,Historic Site,35.7086817,139.8397243,110,167
4e06907a1f6e21103387e5af,Arcade,35.5355525,139.6672494,14,89
4eac2d1d5c5cf8848afe5c30,Historic Site,35.83783979,139.8064193,181,152
510e344be4b04c8cab2587c9,Moving Target,35.63209,139.576979,67,48
4b74ea4df964a520f0f72de3,General Entertainment,35.694545,139.764807,102,133
50ff983de4b0ff892bc15d13,Moving Target,35.681203,139.711617,94,109
501b2f18e4b0a704defa6352,Arcade,35.70402889,139.5796158,107,49
51022dbbe4b0451f4a72cb08,Casino,35.68903611,139.6970679,99,102
4f3735eee4b0d408a447ea44,Historic Site,35.66777403,139.7896354,87,144
4f4b33ffe4b011fb78605608,Historic Site,35.62049582,139.6045361,61,60
5040a87be4b0f300411d06be,Movie Theater,35.65955008,139.6991222,82,103
4bda47da3904a593b303469e,Movie Theater,35.64276829,139.6689936,73,89
4eacc65dd3e32ee0de179fb8,Arcade,35.53720863,139.7344346,14,119
50fcb75de4b02cc665b5c1e0,Moving Target,35.76061,139.722284,138,114
4b7f9f1ff964a520193730e3,Historic Site,35.60932209,139.6324951,54,73
4e65fed3fa76cd64cfb764a5,Pool Hall,35.66874138,139.6507615,87,81
50bf08b8e4b0397f4ee79233,Movie Theater,35.65927129,139.702847,82,105
5020be15e4b035bb7b345ecd,Casino,35.52906105,139.6988779,10,103
4cb073d3c5e6a1cd120ad5f6,Other Nightlife,35.72847792,139.7128257,121,109
